Vessel;code;Genus;lat;lon;season;depth;swept_area_km2;N;N_km2;presence_absence;date;date_time;bathy;substrate;slope;roughness;fishingEffort;distCanyons;distMounts;distFans;bottom_temp;bottom_oxygen;bottom_nppv;bottom_ph;bottom_nh4;bottom_no3;bottom_po4;bottom_so;bottom_uo;bottom_vo;bottom_eke;SD_bottomT;SD_o2;SubAll;bioSubsFinal;ln_slope;ln_fishingEffort;Haul_N;RN;id;fold;ln_N_km2;ln_N;BioSubs;SA_offset
ISA;21_10_05_CRT_ISA_L1;Raja;37,5546945;-0,4895482;4;432;0,060958376;0;0;0;05/10/2020;NA;1001,492089;1;8,121639093;256;5,565571461;0;39,92115784;196,2976074;13,57494164;218,6771088;-8,62E-05;8,084980011;0,002593062;5,146145821;0,258642823;38,62186813;0,006274801;-0,046320397;0,001092476;0,05546831;1,116653562;10;1;2,210649513;1,881839551;173;93;173;5;0;0;1;-2,797564008
NG;21_06_22_CST_NG_L2;Raja;39,6634931;0,2649746;2;123,34;0,408366;16;39,18053903;1;22/06/2020;NA;129,1920988;2;0,41861732;5;7,820000044;21,4583416;229,0613251;34,10951614;13,71246624;239,1515808;-0,024959667;8,110793114;0,483138859;2,725987196;0,153234065;38,27879715;0,002303755;-0,018479919;0,000173407;0,294220746;6,770478725;9;2;0,349682679;2,177021875;159;60;159;3;3,693382775;0,693147181;2;-0,895591448
ESP000025837;20201112_63210_ESP000025837_03;Raja;40,7817;1,119541667;4;83,4;0,15926649;8;50,23;1;12/11/2020;NA;94,13961481;1;0,09677699;1;189,7593765;35,46954346;365,8242493;59,29876328;15,03374577;235,6098175;-0,134826392;8,099538803;0,624609709;1,681892514;0,110437296;38,19669724;-0,041358791;0,026392914;0,001203568;0,741323352;5,058944702;6;1;0,09237587;2,251012825;60;67;60;2;3,936325298;2,197224577;1;-1,837176442
ESP000025837;20210218_63210_ESP000025837_03;Raja;40,74746;1,098496667;1;96,9;0,16526352;12;72,611;1;18/02/2020;NA;92,96201975;1;0,128169333;1;190,8986664;35,19939804;361,3761292;56,2517662;13,45933437;249,7954407;-1,295454621;8,133377075;0,376594216;2,391220808;0,090801939;38,07444382;-0,022384919;0,015748534;0,00037455;0,878137231;4,806010723;6;1;0,12059626;2,256967453;87;42;87;1;4,298794471;2,564949357;1;-1,800213988
ESP000025589;20200826_63210_ESP000025589_01;Raja;40,48559583;1,353886111;3;405;0,43943175;0;0;0;26/08/2020;NA;348,9697728;2;3,256101516;138;9,589644544;5,822178364;341,7565308;23,14815712;13,74003696;228,990036;-0,020211978;8,095930099;0,281414062;3,784468651;0,202748328;38,55363846;-0,000281569;-0,011345129;6,44E-05;0,174169838;6,615786552;6;1;1,448353604;2,359876594;39;90;39;4;0;0;1;NA
ESP000025589;20201112_63210_ESP000025589_01;Raja;40,48737083;1,350895833;4;402,6;0,386226;0;0;0;12/11/2020;NA;348,9697728;2;3,256101516;138;9,589644544;5,822178364;341,7565308;23,14815712;13,69308376;225,530777;-0,00044266;8,095371246;0,234585077;4,103704453;0,219655275;38,47726059;0,007762162;-0,004346717;3,96E-05;0,174169838;6,615786552;6;1;1,448353604;2,359876594;57;63;57;1;0;0;1;NA
ESP000022116;20210609_64410_ESP000022116_01;Raja;41,56308333;3,110063333;2;134;0,05966997;9;150,8296384;1;09/06/2020;NA;132,2801284;4;0,70163387;5;9,928750014;9,887208939;354,7957153;28,6262188;13,61111164;238,5969849;-0,019067891;8,116484642;0,51610148;2,334383249;0,133622125;38,22124863;0,00047531;-0,010058486;5,07E-05;0,517748415;8,333708763;3;3;0,53158889;2,391396933;121;74;121;3;5,022759092;0;3;-2,8189264
NG;21_06_22_CST_NG_L1;Raja;39,6559806;0,2645892;2;125,3;0,3866976;15;38,79000025;1;22/06/2020;NA;162,5197481;2;1,411472992;6;11,01928883;21,4583416;229,0613251;34,10951614;13,71246624;239,1515808;-0,024959667;8,110793114;0,483138859;2,725987196;0,153234065;38,27879715;0,002303755;-0,018479919;0,000173407;0,294220746;6,770478725;9;2;0,880237761;2,486512762;158;10;158;2;3,683615631;1,791759469;2;-0,950112287
NG;21_03_05_CST_NG_L3;Raja;39,7553782;0,1406111;1;74,5;0,284568171;12;42,16915742;1;05/03/2020;NA;79,66788148;2;0,185726681;3;16,74644433;35,02547836;241,9251099;56,67984009;13,48927402;251,8603668;0,075716794;8,134810448;0,247863322;0,895472288;0,034398127;38,19730759;0,006754645;0,027509041;0,000401186;0,903429091;5,818612576;9;2;0,17035582;2,876185177;140;46;140;4;3,765126292;2,564949357;2;-1,256782437
NG;20_12_02_CST_NG_L1;Raja;39,8812081;0,2304712;4;54,7;0,188954871;10;52,92268967;1;02/12/2020;NA;65,32705679;2;0,142435496;4;18,18466674;37,34914398;256,309967;58,46726608;17,24149323;236,2810364;-0,099120706;8,083380699;0,331018984;0,815147102;0,036322415;38,19126892;-0,005470403;-0,011134876;7,70E-05;1,002789259;5,923050404;9;2;0,133162383;2,954111353;1;21;1;5;3,987551348;1,945910149;2;-1,66624707
NG;21_03_05_CST_NG_L1;Raja;39,8784646;0,2275071;1;65,8;0,258053591;15;58,12746086;1;05/03/2020;NA;65,32705679;2;0,142435496;3;18,18466674;37,34914398;256,309967;58,46726608;13,34998226;252,7081604;0,591204345;8,139417648;0,244776174;0,821696341;0,025981009;38,13757706;0,018715424;0,023986341;0,000462806;1,127297282;6,129292965;9;2;0,133162383;2,954111353;138;48;138;3;4,079695467;2,772588722;2;-1,354587999
NG;20_12_02_CST_NG_L2;Raja;39,775207;0,1150242;4;69,5;0,27235512;16;58,74683024;1;02/12/2020;NA;71,46343704;1;0,182851384;3;18,89431124;38,33231735;241,7240753;56,67984009;17,09805298;236,7418671;-0,155047759;8,085532188;0,335410178;0,818232298;0,038262244;38,20363617;-0,008738274;-0,026545171;0,000390502;0,903429091;5,818612576;10;1;0,167927951;2,990433824;2;46;2;1;4,090116139;1,791759469;1;-1,300648476
NG;21_03_05_CST_NG_L2;Raja;39,7561424;0,1387794;1;77,5;0,287473468;11;38,26440077;1;05/03/2020;NA;79,66788148;2;0,185726681;3;18,89431124;35,02547836;241,9251099;56,67984009;13,48927402;251,8603668;0,075716794;8,134810448;0,247863322;0,895472288;0,034398127;38,19730759;0,006754645;0,027509041;0,000401186;0,903429091;5,818612576;9;2;0,17035582;2,990433824;139;20;139;4;3,670318276;2,48490665;2;-1,246624708
NG;21_05_13_CST_NG_L1;Raja;39,7720849;0,1071324;2;63,5;0,257887296;33;127,9628757;1;13/05/2020;NA;71,46343704;1;0,182851384;3;18,89431124;38,33231735;241,7240753;56,67984009;13,95081806;245,4845428;0,131048813;8,118193626;0,599853396;1,444729805;0,093284331;38,17356873;0,001576513;-0,015790708;0,000125916;0,903429091;5,818612576;10;1;0,167927951;2,990433824;154;33;154;1;4,859524578;3,526360525;1;-1,355232627
NG;21_05_13_CST_NG_L2;Raja;39,8449367;0,2048942;2;63,4;0,2866896;95;331,3688393;1;13/05/2020;NA;68,45654321;2;0,158126481;3;18,92955556;36,75851822;251,404953;58,46726608;14,04633713;246,3619537;0,520765007;8,118424416;0,54227519;1,261253834;0,081847548;38,15899658;-0,003084664;-0,02026218;0,000210036;0,980997503;5,868014336;9;2;0,146803596;2,992203834;155;62;155;2;5,806245314;4,564348191;2;-1,249355182
PR;21_03_10_CST_PR_L1_2;Raja;39,62144725;0,4088191;1;620,6;0,2816892;0;0;0;10/03/2020;NA;361,6001975;1;3,372072844;93;20,51354284;11,68697643;225,993103;28,35930252;13,43081093;223,7337952;-0,002681317;8,081528664;0,021828795;4,884123325;0,246136129;38,58870697;-0,000446432;-3,16E-05;1,00E-07;0,044858012;0,520257533;6;1;1,475237232;3,068682637;141;74;141;3;0;0;1;-1,266950943
PR;21_03_10_CST_PR_L4;Raja;39,6281322;0,4047322;1;620;0,161314015;0;0;0;10/03/2020;NA;361,6001975;1;3,372072844;108;20,51354284;10,72917271;230,5562439;28,35930252;13,63400936;230,4269562;-0,01570672;8,09986496;0,15981622;3,635928392;0,1900644;38,42940521;0,00077529;0,002785646;4,18E-06;0,037227508;2,266881704;6;1;1,475237232;3,068682637;143;42;143;2;0;0;1;-1,82440241
PR;21_05_12_CST_PR_L4;Raja;39,6253981;0,4054157;2;598;0,15340116;0;0;0;12/05/2020;NA;361,6001975;1;3,372072844;108;20,51354284;10,72917271;230,5562439;28,35930252;13,61611557;227,9407654;-0,000906093;8,095948219;0,082799383;4,090906143;0,209835336;38,53497696;0,000615524;-0,012623281;7,99E-05;0,037227508;2,266881704;6;1;1,475237232;3,068682637;153;83;153;1;0;0;1;-1,874698828
PR;21_06_23_CST_PR_L2;Raja;39,6272403;0,4048602;2;542,8;0,1372332;0;0;0;23/06/2020;NA;361,6001975;1;3,372072844;108;20,51354284;10,72917271;230,5562439;28,35930252;13,61206245;227,3521729;-0,00011221;8,095290184;0,065306768;4,156833649;0,212514162;38,53443146;-0,000514047;0,001550001;1,33E-06;0,037227508;2,266881704;6;1;1,475237232;3,068682637;161;60;161;4;0;0;1;-1,98607361
PR;21_06_23_CST_PR_L4;Raja;39,6190276;0,4104841;2;613,4;0,16801344;0;0;0;23/06/2020;NA;361,6001975;1;3,372072844;84;20,51354284;11,68697643;225,993103;28,35930252;13,32010365;224,3700104;-1,20E-05;8,083862305;0,016519845;4,768486977;0,240679651;38,57269669;0,00479478;0,004485646;2,16E-05;0,044858012;0,520257533;6;1;1,475237232;3,068682637;163;13;163;4;0;0;1;-1,783711303
NG;20_12_02_CST_NG_L4;Raja;39,800888;0,1255096;4;62;0,187507703;6;31,99868541;1;02/12/2020;NA;61,93874074;1;0,185649971;4;21,64666664;37,09415436;246,5421143;56,67984009;17,6200676;233,8201141;-0,129533693;8,082304001;0,278333664;0,758791924;0,027035125;38,17150879;-0,002054069;-0,009108566;4,36E-05;1,09736681;6,130759239;10;1;0,170291123;3,120012673;4;95;4;5;3,496467725;0;1;-1,673935352
CP2;21_03_30_JA_CP2_L1;Raja;38,5635979;0,5667232;1;648,75;0,608771383;0;0;0;30/03/2020;NA;653,4729383;1;1,701986661;53;21,93577732;41,62634277;119,1952057;64,75717926;13,34619713;221,0594635;-9,72E-05;8,080572128;0,007690696;5,03684473;0,252857834;38,57431412;0;0,022818247;0,000260336;0,026151108;1,383240223;6;1;0,993987303;3,13269802;144;21;144;2;0;0;1;-0,496312479
ESP000025837;20201112_63210_ESP000025837_02;Raja;40,78293611;0,987183333;4;60,2;0,18132303;18;99,27;1;12/11/2020;NA;68,18384198;1;0,197386401;2;174,2635547;45,9499054;363,0845947;72,81201935;17,18375969;236,6490784;-0,18665567;8,082501411;0,389220625;0,882809162;0,043691669;38,14109039;-0,014588708;0,009863421;0,000155059;1,103988528;5,409182549;6;1;0,180141182;3,166290868;59;51;59;5;4,607866548;2,944438979;1;-1,707475142
PR;21_03_10_CST_PR_L3;Raja;39,6053412;0,4190161;1;592,2;0,120476304;0;0;0;10/03/2020;NA;692,8430864;1;3,243611447;72;25,97425393;8,520222664;226,6158142;23,40239334;13,43081093;223,7337952;-0,002681317;8,081528664;0,021828795;4,884123325;0,246136129;38,58870697;-0,000446432;-3,16E-05;1,00E-07;0,044858012;0,520257533;6;1;1,445414663;3,294882853;142;69;142;2;0;0;1;-2,116302193
PR;21_05_12_CST_PR_L1_2;Raja;39,61268445;0,4148471;2;601,5;0,2778;0;0;0;12/05/2020;NA;692,8430864;1;3,243611447;71;25,97425393;11,68697643;225,993103;28,35930252;13,24066353;223,6918793;-8,18E-05;8,084676743;0,018580182;4,864909172;0,245040312;38,55289459;-0,008736565;-0,011354594;0,000102627;0,044858012;0,520257533;6;1;1,445414663;3,294882853;152;51;152;1;0;0;1;-1,280853849
PR;21_06_23_CST_PR_L1;Raja;39,606877;0,4191511;2;668,4;0,1300104;0;0;0;23/06/2020;NA;692,8430864;1;3,243611447;72;25,97425393;8,520222664;226,6158142;23,40239334;13,32010365;224,3700104;-1,20E-05;8,083862305;0,016519845;4,768486977;0,240679651;38,57269669;0,00479478;0,004485646;2,16E-05;0,044858012;0,520257533;6;1;1,445414663;3,294882853;160;36;160;5;0;0;1;-2,040140832
PR;21_06_23_CST_PR_L3;Raja;39,6051508;0,4204102;2;600;0,139688952;0;0;0;23/06/2020;NA;692,8430864;1;3,243611447;72;25,97425393;8,520222664;226,6158142;23,40239334;13,32010365;224,3700104;-1,20E-05;8,083862305;0,016519845;4,768486977;0,240679651;38,57269669;0,00479478;0,004485646;2,16E-05;0,044858012;0,520257533;6;1;1,445414663;3,294882853;162;5;162;3;0;0;1;-1,9683371
PR;21_10_27_CST_PR_L1;Raja;39,6044592;0,42;4;592,2;0,12761243;0;0;0;27/10/2020;NA;692,8430864;1;3,243611447;72;25,97425393;8,520222664;226,6158142;23,40239334;13,2938652;224,0597382;-1,37E-08;8,083886147;0,003445878;4,829983711;0,242833108;38,56541443;0,001442176;0,003523071;7,25E-06;0,044858012;0,520257533;6;1;1,445414663;3,294882853;176;27;176;5;0;0;1;-2,058757499
PR;21_10_27_CST_PR_L2;Raja;39,6126558;0,4139736;4;592,2;0,163813104;0;0;0;27/10/2020;NA;692,8430864;1;3,243611447;71;25,97425393;11,68697643;225,993103;28,35930252;13,2938652;224,0597382;-1,37E-08;8,083886147;0,003445878;4,829983711;0,242833108;38,56541443;0,001442176;0,003523071;7,25E-06;0,044858012;0,520257533;6;1;1,445414663;3,294882853;177;67;177;2;0;0;1;-1,809029111
CP2;22_01_14_JA_CP2_L1;Raja;38,4886918;0,5653013;1;621,1;0,62488332;0;0;0;14/01/2020;NA;629,5015852;1;1,602253155;25;26,83288905;32,37581635;110,9550781;74,00767517;13,34323692;221,8039856;-4,07E-09;8,083024025;0,001164086;5,006203651;0,250624985;38,56919479;0,006946059;-0,006291931;4,39E-05;0,037166018;1,14424026;6;1;0,956377668;3,326218381;191;13;191;1;0;0;1;-0,470190335
NG;20_12_02_CST_NG_L3;Raja;39,7447527;0,0673715;4;65,3;0,198178816;7;35,32163599;1;02/12/2020;NA;62,9559358;1;0,18952037;4;27,78711104;40,39064026;236,9536743;56,71847153;17,10594368;236,1785431;-0,21020174;8,086101532;0,326486409;0,828088045;0,037856538;38,2013588;-0,008968402;-0,034217432;0,000625632;0,90789026;5,751689434;10;1;0,173550176;3,359927754;3;92;3;3;3,592413596;2,079441542;1;-1,618585545
ESP000022116;20200630_64410_ESP000022116_01;Raja;41,56896;3,02283;2;106,1;0,04712412;1;21,22055542;1;30/06/2020;NA;106,7533037;4;0,831397919;7;28,26644444;5,78821373;360,6755676;31,06563568;13,8422966;237,0692444;-0,12938863;8,107712746;0,611219883;2,462638378;0,144341514;38,31851196;-0,011832585;-0,026675688;0,000425801;0,701189935;7,597997189;3;3;0,605079565;3,376441619;16;64;16;4;0;0;3;NA
ESP000022116;20201217_64410_ESP000022116_01;Raja;41,56625333;3,013883333;4;108,4;0,06315852;4;63,333;1;17/12/2020;NA;106,7533037;4;0,831397919;8;28,26644444;5,78821373;360,6755676;31,06563568;14,88532352;233,9620361;-0,196434379;8,1086483;0,361518413;1,690111756;0,08868967;38,16446686;-0,05319161;-0,020818461;0,001631378;0,702498674;7,245468616;3;3;0,605079565;3,376441619;70;24;70;5;4,164072719;1,609437912;3;-2,762107522
PIF;21_12_15_CP_PIF_L2;Raja;38,6490553;0,4951282;4;328,83;0,6391252;0;0;0;15/12/2020;NA;227,4458617;1;2,384663355;36;28,92155542;50,87700653;124,7812195;55,97563171;13,62064171;223,1971741;-0,000160798;8,093431473;0,169961214;4,605351448;0,242460459;38,460186;0,034831438;-0,023147279;0,000874513;0,06142588;3,781816959;6;1;1,219254449;3,398579138;184;6;184;4;0;0;1;-0,447654913
ESP000026632;20210311_63100_ESP000026632_03;Raja;40,34731667;1,078876667;1;83;0,09571823;78;814,892;1;11/03/2020;NA;91,62602469;2;0,041335691;1;38,52817763;19,98085022;320,4880066;46,36798859;13,63252068;247,782196;-0,420691103;8,124444962;0,266452402;1,718955278;0,078985564;38,1804657;-0,000699448;0,013644863;9,33E-05;0,82288754;4,969736576;9;2;0,040504207;3,677013775;90;32;90;1;6,704281993;4,369447852;2;-2,346346508
ESP000026632;20210512_63100_ESP000026632_03;Raja;40,36436;1,080533333;2;88,5;0,09203583;39;423,748;1;12/05/2020;NA;91,62602469;1;0,041335691;1;38,52817763;19,98085022;320,4880066;46,36798859;13,72065735;246,0325317;-0,109412044;8,120723724;0,749543786;1,654916644;0,097634569;38,25023651;-0,001194014;0,00364171;7,34E-06;0,82288754;4,969736576;6;1;0,040504207;3,677013775;114;36;114;2;6,051496052;3,688879454;1;-2,385577321
ESP000026632;20200618_63100_ESP000026632_03;Raja;40,37396667;1,090966667;2;88,5;0,10930733;45;411,683;1;18/06/2020;NA;89,57957037;1;0,042738517;1;39,46431101;16,92143822;321,5716553;39,97126389;14,31130028;242,5861664;-0,004364745;8,105614662;0,69998318;2,227069378;0,127857581;38,19809723;0,007448499;0,00472474;3,89E-05;0,82288754;4,969736576;6;1;0,041850442;3,700420376;9;37;9;5;6,022679744;3,828641396;1;-2,213591823
ESP000026632;20200916_63100_ESP000026632_03;Raja;40,40686667;1,0936;3;86,9;0,11783486;110;933,51;1;16/09/2020;NA;89,57957037;1;0,042738517;1;39,46431101;19,83039093;325,9715881;39,97126389;14,74817657;245,6633148;1,129945517;8,107735634;0,583404839;0,878762662;0,060911;38,26139069;-0,001317735;-0,011389662;6,57E-05;0,862050176;5,046124935;6;1;0,041850442;3,700420376;42;10;42;3;6,840022328;4,709530201;1;-2,138471126
ESP000026632;20201222_63100_ESP000026632_03;Raja;40,39184167;1,096091667;4;89,8;0,10876085;48;441,335;1;22/12/2020;NA;89,57957037;1;0,042738517;0;39,46431101;19,83039093;325,9715881;39,97126389;15,14116192;230,7379913;-0,020467464;8,097482681;0,405857056;2,237498999;0,126354009;38,14476013;0,013304988;0,030284002;0,000547072;0,862050176;5,046124935;6;1;0,041850442;3,700420376;75;43;75;1;6,092067514;3,891820298;1;-2,218603844
ESP000026632;20201222_63100_ESP000026632_02;Raja;40,46515;0,954497222;4;74,6;0,0908954;36;396,06;1;22/12/2020;NA;75,77294815;1;0,078981206;2;114,8090217;36,55851364;330,8508911;56,81371307;16,13130188;238,1459808;-0,651366234;8,107412338;0,299512684;1,503159165;0,03953518;38,03110886;0,016088095;0,025742136;0,000460742;1,088274002;5,305724621;6;1;0,076017268;2,75194247;74;64;74;1;5,984087403;3,610917913;1;-2,398045884
ESP000026632;20210311_63100_ESP000026632_02;Raja;40,45833333;0,954376667;1;66,2;0,09232722;24;259,945;1;11/03/2020;NA;75,77294815;1;0,078981206;2;114,8090217;33,82833481;326,3830872;56,81371307;13,54978466;251,9658203;-0,99477756;8,132135391;0,291083574;1,31180501;0,046139877;38,12921524;0,009960056;0,012594284;0,000128909;1,02890265;5,41541338;6;1;0,076017268;2,75194247;89;48;89;3;5,564309657;3,218875825;1;-2,382416273
ESP000026756;20200630_64500_ESP000026756_01;Raja;41,82413;3,204156667;2;103,8;0,11838882;1;8,446743535;1;30/06/2020;NA;108,0956642;1;0,774853977;6;46,05047783;8,326746941;334,6125183;55,53219604;14,12756538;240,3323669;-0,226637423;8,109168053;0,755790114;1,923128366;0,115469612;38,24702454;-0,001653357;-0,004699441;1,24E-05;0,830507159;6,917273998;3;3;0,573718153;3,851221022;19;80;19;2;0;0;3;NA
ESP000026756;20200805_64500_ESP000026756_01;Raja;41,82200833;3,203694444;3;103,2;0,13043514;1;7,66664566;1;05/08/2020;NA;108,0956642;1;0,774853977;6;46,05047783;8,326746941;334,6125183;55,53219604;14,36159134;238,8963928;1,561948299;8,106176376;0,789119363;1,635060787;0,107844979;38,24619293;-0,022825528;0,03566904;0,000896643;0,830507159;6,917273998;3;3;0,573718153;3,851221022;30;9;30;2;0;0;3;-2,036879187
ESP000026756;20201111_64500_ESP000026756_01;Raja;41,82477222;3,203955556;4;103,2;0,12751618;1;7,842142072;1;11/11/2020;NA;108,0956642;1;0,774853977;6;46,05047783;8,326746941;334,6125183;55,53219604;15,30552006;237,5934296;-0,251122624;8,099890709;0,484871358;1,438798785;0,079661451;38,20154572;0,02310133;0,010112443;0,000317966;0,830507159;6,917273998;3;3;0,573718153;3,851221022;54;9;54;1;0;0;3;NA
ESP000026756;20210324_64500_ESP000026756_01;Raja;41,82444722;3,203766667;1;103,5;0,12978673;1;7,704947956;1;24/03/2020;NA;108,0956642;1;0,774853977;6;46,05047783;8,326746941;334,6125183;55,53219604;13,13323498;253,5348206;-1,193603754;8,1347332;0,245960712;1,753591061;0,07402651;38,13518524;0,0071573;0,002710581;2,93E-05;0,830507159;6,917273998;3;3;0,573718153;3,851221022;94;36;94;4;0;0;3;-2,041862714
ESP000026632;20200916_63100_ESP000026632_02;Raja;40,46610333;0,935893333;3;69;0,09216999;49;531,626;1;16/09/2020;NA;75,77294815;1;0,078981206;2;136,6676015;36,55851364;330,8508911;56,81371307;15,96490097;248,4330444;2,013737679;8,093593597;0,465269983;0,802157819;0,042726524;38,15925217;-0,003792749;-0,002275881;9,78E-06;1,142006874;5,087606907;6;1;0,076017268;3,924842095;41;18;41;2;6,277819489;3,912023005;1;-2,384120689
ESP000026632;20210512_63100_ESP000026632_02;Raja;40,45836333;0,935863333;2;71,4;0,09003042;20;222,147;1;12/05/2020;NA;75,77294815;1;0,078981206;2;136,6676015;36,55851364;330,8508911;56,81371307;13,92216396;246,5462494;-0,295864165;8,120812416;0,715163231;1,641692758;0,089276023;38,14701843;-0,006451295;0,006635747;4,28E-05;1,142006874;5,087606907;6;1;0,076017268;3,924842095;113;84;113;5;5,407830747;3,044522438;1;-2,407607666
Mny;21_04_15_CU_2Mny_L1;Raja;39,4385592;0,1589687;2;587,5;0,611567144;0;0;0;15/04/2020;NA;587,9523309;1;2,443628713;53;55,4353334;9,923741341;205,0053711;34,16672134;13,43241215;224,0641479;-0,000460275;8,083878517;0,036496952;4,688836098;0,237872079;38,59022522;-0,002668551;0,011710635;7,21E-05;0,060370427;0,545043886;6;1;1,236525774;4,033095441;146;54;146;2;0;0;1;-0,491730528
Mny;22_01_27_CU_2Mny_L1;Raja;39,4438089;0,1538351;1;537;1,259208562;0;0;0;27/01/2020;NA;587,9523309;1;2,443628713;72;55,4353334;9,923741341;205,0053711;34,16672134;13,39766884;223,6876678;-3,09E-12;8,084512711;0,006261277;4,733102798;0,238534033;38,58081818;0,001634032;-0,007389969;2,86E-05;0,060370427;0,545043886;6;1;1,236525774;4,033095441;194;28;194;2;0;0;1;0,230483398
ISA;21_07_08_CRT_ISA_L1;Raja;37,5426725;-0,5595171;3;334,9;0,070874188;0;0;0;08/07/2020;NA;415,4655259;1;6,44569081;176;55,52626597;4,624492645;47,25538254;199,6488647;13,68455887;220,324173;-0,000308121;8,090569496;0,097600207;4,693570614;0,24327673;38,52502823;-0,001938155;-0,018613646;0,000175112;0,063058533;3,589801788;10;1;2,00763545;4,034705415;164;56;164;4;0;0;1;-2,646848974
ISA;21_07_08_CRT_ISA_L2;Raja;37,5426906;-0,5597117;3;337;0,072484965;0;0;0;08/07/2020;NA;415,4655259;1;6,44569081;176;55,52626597;4,624492645;47,25538254;199,6488647;13,68455887;220,324173;-0,000308121;8,090569496;0,097600207;4,693570614;0,24327673;38,52502823;-0,001938155;-0,018613646;0,000175112;0,063058533;3,589801788;10;1;2,00763545;4,034705415;165;92;165;1;0;0;1;-2,624376118
PIF;22_01_12_CP_PIF_L2;Raja;38,397753;0,4159378;1;331,83;0,6524133;0;0;0;12/01/2020;NA;340,7669383;1;1,845377942;77;58,04857805;23,12541771;96,32476044;84,50920868;13,67976189;219,8645325;-4,89E-05;8,089627266;0,041963663;4,890031338;0,248723969;38,52212143;-0,002994228;0,006310264;2,44E-05;0,034341179;2,975800991;6;1;1,045695903;4,078360462;188;7;188;3;0;0;1;-0,427077022
ESP000026822;20210429_63300_ESP000026822_01;Raja;40,77128095;1,445669048;2;609,9;0,1925345;0;0;0;29/04/2020;NA;649,569284;1;2,751983486;39;58,13835605;8,418852806;374,5559692;33,70459366;13,27795219;221,2956085;-5,10E-05;8,083299637;0,00837676;5,028833389;0,252481222;38,57248306;0,016504355;-0,024081018;0,000426145;0,061505716;1,100201726;6;1;1,32228463;4,079879716;106;49;106;4;0;0;1;NA
ESP000025837;20200813_63210_ESP000025837_02;Raja;40,74113333;1,000175;3;56,6;0,2436298;42;172,393;1;13/08/2020;NA;62,90272099;1;0,225386626;2;162,718889;42,23926163;359,4922485;61,7425766;15,57140255;250,8498993;2,791102886;8,101317406;0,50397253;0,823284149;0,038840562;38,18860245;-0,006984449;0,002107008;2,66E-05;1,218931794;5,495618343;6;1;0,203256408;4,098150866;34;32;34;3;5,155560694;3,761200116;1;-1,412105419
ESP000025627;20200818_64200_ESP000025627_01;Raja;41,22410333;2,117823333;3;76,9;0,12500994;0;0;0;18/08/2020;NA;101,1731111;1;1,485047313;11;59,93168828;8,38218689;443,2140198;34,81574631;13,99991417;239,6177979;-0,774780512;8,114232063;0,69450593;1,233302593;0,087289639;38,3217392;-0,00010286;-0,010426207;5,44E-05;0,627014339;6,938372135;6;1;0,910291699;4,109753372;36;89;36;1;0;0;1;-2,079362025
ESP000025627;20201124_64200_ESP000025627_01;Raja;41,22463611;2,118983333;4;100,2;0,12444212;0;0;0;24/11/2020;NA;101,1731111;1;1,485047313;11;59,93168828;8,38218689;443,2140198;34,81574631;14,66728687;227,9224396;-0,040069256;8,09685421;0,532100022;2,657739401;0,159841597;38,16972351;0,008688777;-0,015560789;0,000158816;0,627014339;6,938372135;6;1;0,910291699;4,109753372;64;94;64;5;0;0;1;-2,083914571
ESP000025627;20210325_64200_ESP000025627_03;Raja;41,22763333;2,13183;1;105,6;0,13656189;0;0;0;25/03/2020;NA;101,1731111;1;1,485047313;12;59,93168828;5,798705578;442,3835144;34,81574631;13,28741741;248,7381897;-0,996808648;8,130079269;0,212351814;1,772271514;0,079991981;38,30245972;0,006925719;-0,065702252;0,002182376;0,627014339;6,938372135;10;1;0,910291699;4,109753372;99;87;99;2;0;0;1;-1,990977361
ESP000025627;20210519_64200_ESP000025627_03;Raja;41,23047;2,14353;2;110,6;0,12779827;0;0;0;19/05/2020;NA;101,1731111;1;1,485047313;18;59,93168828;5,798705578;442,3835144;34,81574631;13,7759676;245,1421051;-0,145888984;8,120779991;0,595486879;1,728012681;0,099606983;38,23764038;-0,011466128;0,006806192;8,89E-05;0,627014339;6,938372135;10;1;0,910291699;4,109753372;117;31;117;3;0;0;1;-2,057302274
PIF;21_04_08_CP_PIF_L1;Raja;38,5153467;0,5065493;2;371,5;1,113111264;0;0;0;08/04/2020;NA;327,453842;1;2,333802823;45;62,75893246;37,0010643;113,4526215;64,75717926;13,66364193;227,5021667;-0,001702383;8,092933655;0,092593819;4,153653622;0,214581653;38,54521942;0,016708698;-0,001131316;0,00014023;0,038311288;2,694161177;6;1;1,204113641;4,155109291;145;21;145;1;0;0;1;0,107159035
CPM;21_12_16_CP_CPM_L2;Raja;38,5232425;0,3843535;4;73,125;0,294931;1;3,39062357;1;16/12/2020;NA;139,9309877;1;0,703285091;4;64,38044391;37,0010643;109,2375412;66,35444641;14,29869175;226,5632782;-0,020503255;8,094044685;0,627853632;3,058472157;0,192220047;38,26421356;0,012473503;-0,00795303;0,000109419;0,260144711;8,353352547;6;1;0,532558793;4,180223191;186;81;186;1;1,47947126;0,693147181;1;-1,221013848
ESP000026569;20210429_64300_ESP000026569_01;Raja;41,45607667;2,599596667;2;103,2;0,10445718;0;0;0;29/04/2020;NA;110,1329333;4;0,618928505;12;64,39719971;9,255130768;397,5805664;44,58076096;13,59406376;249,7995148;-0,195059776;8,127144814;0,488250226;1,40302825;0,073203437;38,22602081;-0,008943364;-0,034579501;0,000637863;0,704448938;7,61605072;3;3;0,481764514;4,18047944;109;99;109;5;0;0;3;NA
CP2;21_12_01_JA_CP2_L1;Raja;38,4593593;0,5534736;4;578,71;0,630069383;0;0;0;01/12/2020;NA;625,9804346;1;1,442070989;25;66,4997786;32,37581635;110,9550781;74,00767517;13,44726181;221,3418884;-6,15E-09;8,0854702;0,0098;4,916674614;0,247685447;38,59135056;-0,003064977;0,020305971;0,000210863;0,063502192;1,345896006;6;1;0,892846445;4,212124318;182;81;182;3;0;0;1;-0,461925334
ESP000022870;20201028_64600_ESP000022870_03;Raja;42,05608667;3,384296667;4;135,6;0,161042;0;0;0;28/10/2020;NA;134,4317383;1;0,286843704;3;66,71204483;17,32118988;306,4492798;80,94246674;14,04768276;226,0013428;-0,009189367;8,100559235;0,529019594;3,4645226;0,200972334;38,33757782;0,007419001;0,003289661;3,29E-05;0,654386997;8,507019997;6;1;0,252192479;4,215264079;53;99;53;1;0;0;1;-1,826090078
ESP000025627;20200622_64200_ESP000025627_02;Raja;41,21255952;2,317316667;2;403,3;0,18140496;2;11,025;1;22/06/2020;NA;370,7462914;1;1,647064207;33;70,15875596;8,38218689;430,5292358;28,63331604;13,69682407;226,2681122;-0,000395281;8,090297699;0,093898676;4,270645618;0,219126537;38,60995483;-0,009053057;-0,002720721;4,47E-05;0,160308048;5,41215086;6;1;0,973451179;4,26491338;14;59;14;2;2,486987816;1,098612289;1;-1,707023399
ESP000025627;20210325_64200_ESP000025627_02;Raja;41,2071381;2,318792857;1;424,6;0,16911635;0;0;0;25/03/2020;NA;504,7487951;1;2,326876676;32;70,15875596;4,627380371;433,0265808;28,63331604;13,35842514;222,8297882;-0,001603306;8,088729858;0,050757948;4,680280209;0,237315685;38,55094147;-0,028180264;0,007327965;0,000423913;0,085722379;0,832693756;6;1;1,202033929;4,26491338;98;58;98;3;0;0;1;NA
CPM;21_04_21_CP_CPM_L2;Raja;38,4435866;0,4165311;2;180,57;0,394476;1;2,535008467;1;21/04/2020;NA;168,5730123;1;1,101881417;27;71,90408849;27,75059891;100,600502;75,41086578;13,60652065;229,7606812;-0,003066486;8,103411674;0,14474082;3,741181612;0,194767475;38,40603256;0,003739747;-0,009463928;5,18E-05;0,083393022;4,8336339;10;1;0,742832857;4,289144721;149;19;149;3;1,262715695;0,693147181;1;-0,930196977
CPM;21_04_21_CP_CPM_L1;Raja;38,5435866;0,5165311;2;88,43;0,535296894;0;0;0;21/04/2020;NA;168,5730123;1;1,101881417;27;71,90408849;27,75059891;100,600502;75,41086578;13,60652065;229,7606812;-0,003066486;8,103411674;0,14474082;3,741181612;0,194767475;38,40603256;0,003739747;-0,009463928;5,18E-05;0,083393022;4,8336339;10;1;0,742832857;4,289144721;148;3;148;4;0;0;1;-0,624933744
PIF;21_07_26_CP_PIF_L1;Raja;38,4473195;0,3950899;3;157,37;0,661164;0;0;0;26/07/2020;NA;168,5730123;1;1,101881417;17;71,90408849;27,75059891;100,600502;75,41086578;13,6287365;225,0395813;-0,031569306;8,097699165;0,454761773;3,913386106;0,222666159;38,35764694;0,006800633;0,003922024;3,08E-05;0,178422257;6,921770096;10;1;0,742832857;4,289144721;168;93;168;2;0;0;1;-0,413753361
PIF;22_01_12_CP_PIF_L1;Raja;38,3669299;0,3779952;1;320,34;0,556117097;0;0;0;12/01/2020;NA;250,6365481;1;1,743005672;46;72,7784445;18,50026894;92,08281708;84,50920868;13,66268444;219,9387054;-7,85E-06;8,089003563;0,022833843;4,920724869;0,248752773;38,53859329;-0,020741954;0,002251781;0,00021765;0,035606138;2,83142519;6;1;1,00905428;4,301066609;187;96;187;5;0;0;1;-0,586776401
ESP000000782;20210630_64100_ESP000000782_01;Raja;41,10768333;1,765780556;2;128,4;0,13086982;15;114,6177171;1;30/06/2020;NA;175,9848346;1;1,935180128;59;203,7424442;3,500107765;419,240509;42,5826683;13,61980438;235,3545685;-0,002309735;8,10999012;0,357123643;3,064086199;0,166420117;38,34228897;0,005185422;-0,020650947;0,000226675;0,21767135;7,243842602;7;1;1,076768824;4,32175282;124;97;124;3;4,750289207;2,772588722;1;-2,03355219
PIF;21_12_15_CP_PIF_L1;Raja;38,5959225;0,53128;4;423,6;0,514244544;1;1,944600116;1;15/12/2020;NA;435,6937531;1;2,910998046;42;76,95128837;46,25165939;121,8768616;55,50654984;13,48209858;222,088913;-1,03E-08;8,087016106;0,006962046;4,936564922;0,24821867;38,58905792;0,023680078;0,005390957;0,000294904;0,072436273;1,74919486;6;1;1,363792596;4,356084124;183;20;183;3;1,079973024;0,693147181;1;-0,66505636
CP2;21_07_27_JA_CP2_L1;Raja;38,6195642;0,586625;3;672,78;0,61116;0;0;0;27/07/2020;NA;617,0556889;1;2,24352338;60;78,39000151;46,39466476;124,9503174;55,97563171;13,27359486;219,4914703;-8,27E-09;8,084854126;0,001737052;5,139594555;0,256601781;38,56325912;-0,016363801;-0,008015702;0,000166013;0,04276102;1,283581734;6;1;1,176660202;4,374372435;169;53;169;5;0;0;1;-0,492396488
CPM;22_01_13_CP_CPM_L2;Raja;38,5640873;0,3652409;1;105;0,3272484;0;0;0;13/01/2020;NA;109,4936049;1;0,273744013;7;79,68711056;41,78527451;112,4453812;66,35444641;14,58228874;222,7072906;-0,00983278;8,088418007;0,415523112;3,385849237;0,199086845;38,22765732;-0,024684681;0,004675632;0,000315597;0,296330154;8,420189857;6;1;0,241960605;4,390578842;190;89;190;2;0;0;1;-1,117035763
VG;21_10_29_CRT_VG_L1;Raja;37,4910711;-1,2978974;4;195,67;0,49298388;0;0;0;29/10/2020;NA;156,4826173;1;2,26095262;24;81,54444402;9,248821259;110,0251846;244,8345642;13,72322178;217,5740509;-0,000553432;8,088003159;0,121115796;4,995835781;0,259093195;38,51618195;-0,00523063;0,011696068;8,21E-05;0,05554634;2,663463354;6;1;1,182019367;4,413336864;178;74;178;5;0;0;1;-0,707278803
ESP000022116;20210609_64410_ESP000022116_02;Raja;41,50992381;3,076580952;2;347,5;0,0805901;0;0;0;09/06/2020;NA;221,3270765;1;1,38782879;83;81,69826649;4,627649307;360,2208862;31,06563568;13,64084911;229,317688;-0,001597325;8,105456352;0,201219842;3,549237251;0,184929833;38,36769867;-0,002242651;-0,000364949;2,58E-06;0,202077627;7,309772491;7;1;0,870384497;4,41519864;122;35;122;2;0;0;1;-2,518379466
ESP000022870;20210420_64600_ESP000022870_03;Raja;42,02893;3,360126667;2;132,3;0,15425121;0;0;0;20/04/2020;NA;129,0454815;1;0,252267459;4;87,48284444;11,54878139;311,5891724;80,94246674;13,22535896;248,0173645;-0,214604005;8,129929543;0,445767522;1,901328564;0,096481591;38,13245773;0,000465344;0,001595992;1,38E-06;0,529695809;8,664530754;6;1;0,224955875;4,482808685;105;25;105;4;0;0;1;-1,869172772
ESP000022870;20210722_64600_ESP000022870_03;Raja;42,03492;3,36591;3;130,4;0,15184694;0;0;0;22/07/2020;NA;129,0454815;1;0,252267459;4;87,48284444;11,54878139;311,5891724;80,94246674;13,72981071;228,8381653;-0,031621698;8,104822159;0,444854826;3,449137926;0,190260887;38,39344788;-0,004818798;-0,004743293;2,29E-05;0,529695809;8,664530754;6;1;0,224955875;4,482808685;132;7;132;5;0;0;1;-1,884882239
ESP000022116;20200916_64410_ESP000022116_01;Raja;41,61732333;2,80285;3;100,1;0,05515476;6;108,785;1;16/09/2020;NA;119,1551852;4;2,540356385;12;94,00248965;3,473426342;373,1788025;50,77684021;14,29022598;233,2134552;-0,14841345;8,102716446;0,759750366;2,008266926;0,131588832;38,26638412;0,003768971;-0,007455151;3,49E-05;0,680508018;8,010383606;3;3;1,264227396;4,553903098;46;8;46;1;4,698523908;1,945910149;3;-2,897612227
ESP000025627;20200622_64200_ESP000025627_03;Raja;41,24318571;2,487188095;2;599,8;0,1255947;2;15,924;1;22/06/2020;NA;778,3291111;1;3,370779002;149;96,51488832;0;418,7907104;23,20528221;13,38363552;221,2653198;-2,07E-05;8,076738358;0,012241056;5,047811508;0,253465682;38,59395599;-0,001858705;0,005285893;1,57E-05;0,063654318;0,611819506;10;1;1,474941254;4,580005067;15;55;15;5;2,828732733;1,098612289;1;-2,074695223
ESP000025627;20200818_64200_ESP000025627_03;Raja;41,24389762;2,486580952;3;595,2;0,14031754;1;7,127;1;18/08/2020;NA;778,3291111;1;3,370779002;149;96,51488832;0;418,7907104;23,20528221;13,19303989;220,75383;-1,61E-06;8,079575539;0,005573565;5,118353367;0,256452352;38,55062103;0,002201502;-0,00856081;3,91E-05;0,063654318;0,611819506;10;1;1,474941254;4,580005067;38;99;38;4;2,095191852;0,693147181;1;-1,963847282
ESP000026569;20210429_64300_ESP000026569_03;Raja;41,25053095;2,603371429;2;685,2;0,15414351;0;0;0;29/04/2020;NA;871,1358568;1;3,32689828;113;99,5325344;3,491243601;407,4968262;27,76428223;13,41927052;222,5556488;-0,000508088;8,085603714;0,037841845;4,761258602;0,240791455;38,593853;-0,005908236;-0,017053755;0,000162869;0,087831296;0,630096734;6;1;1,464850953;4,610481401;111;3;111;2;0;0;1;NA
ESP000026632;20200618_63100_ESP000026632_02;Raja;40,45664333;0,93961;2;70,9;0,10930733;0;0;0;18/06/2020;NA;75,77294815;1;0,078981206;2;102,1358657;33,82833481;326,3830872;56,81371307;14,89375496;242,4718933;-0,029226389;8,098347664;0,786115289;2,175141335;0,124205314;38,1721344;-0,000745519;0,018728824;0,000175662;1,02890265;5,41541338;6;1;0,076017268;4,636047203;8;99;8;4;0;0;1;NA
ESP000026768;20201118_63300_ESP000026768_01;Raja;40,76229375;1,438954167;4;596,1;0,182434;2;10,963;1;18/11/2020;NA;649,569284;1;2,751983486;51;103,4471118;8,418852806;374,5559692;33,70459366;13,39443779;221,7502747;-1,01E-06;8,081493378;0,010107865;5,017064095;0,25192222;38,59212112;-0,003912458;0,004353025;1,71E-05;0,061505716;1,100201726;6;1;1,32228463;4,648680836;61;64;61;2;2,481818553;1,098612289;1;-1,701366815
ESP000026768;20210119_63300_ESP000026768_01;Raja;40,76417292;1,427129167;1;538,9;0,18845227;0;0;0;19/01/2020;NA;476,4574074;1;3,04592221;40;103,4471118;8,418852806;374,5559692;33,70459366;13,50001431;223,4596863;-2,77E-06;8,08727169;0,0386694;4,733263493;0,240499556;38,57881165;0,00182964;-0,011447163;6,72E-05;0,084929928;2,242595196;6;1;1,397709512;4,648680836;79;21;79;5;0;0;1;-1,668910514
ESP000026768;20210728_63300_ESP000026768_01;Raja;40,76780417;1,428825;3;545,3;0,22728496;0;0;0;28/07/2020;NA;476,4574074;1;3,04592221;40;103,4471118;8,418852806;374,5559692;33,70459366;13,46848011;225,522934;-3,06E-05;8,089299202;0,053539224;4,496370316;0,228030145;38,59621811;0,002540252;0,000789537;3,54E-06;0,084929928;2,242595196;6;1;1,397709512;4,648680836;133;76;133;2;0;0;1;NA
ESP000025627;20200622_64200_ESP000025627_01;Raja;41,14271333;2,14298;2;105,6;0,09266928;0;0;0;22/06/2020;NA;381,236721;1;2,153839065;38;106,9795563;5,800014496;436,3842163;28,00802422;13,74880409;223,2214355;-0,000164916;8,085851669;0,049480803;4,642501354;0,235617965;38,64267731;-0,000757431;0,000298421;3,31E-07;0,126202077;3,661874533;6;1;1,148620461;4,681941915;13;38;13;4;0;0;1;-2,378718253
VG;21_07_08_CRT_VL2_L1;Raja;37,5062822;-1,1819515;3;176,31;0,55193304;1;1,811813984;1;08/07/2020;NA;375,4674568;1;6,799344739;30;107,0512219;9,248887062;102,6836929;233,0155029;13,62623024;220,366684;-0,004239064;8,094748497;0,368835151;4,201683998;0,22854504;38,34716034;0,003654011;-0,019648563;0,000199709;0,11417149;3,635017157;10;1;2,054039722;4,682605392;166;76;166;3;1,033829821;0,693147181;1;-0,594328544
VG;21_07_08_CRT_VL2_L2;Raja;37,5052656;-1,1876633;3;173,3;0,488928;0;0;0;08/07/2020;NA;375,4674568;1;6,799344739;26;107,0512219;9,248887062;102,6836929;233,0155029;13,66470146;218,9432983;-0,016814863;8,092949867;0,536503494;4,080235958;0,232177079;38,29627609;0,00177414;-0,013541745;9,33E-05;0,1302232;3,825472116;10;1;2,054039722;4,682605392;167;91;167;2;0;0;1;-0,71554004
ESP000026768;20200730_63300_ESP000026768_02;Raja;40,7930375;1,392922917;3;391,3;0,185891;0;0;0;30/07/2020;NA;478,2637877;1;2,350185446;35;107,9625327;10,54664421;377,713562;39,77832794;13,74033356;226,9693451;-2,82E-05;8,090782166;0,070812427;4,335710526;0,221304134;38,62526703;0,006817074;-0,000579328;2,34E-05;0,133872598;4,896573544;6;1;1,209015701;4,691004086;28;77;28;3;0;0;1;NA
ESP000026768;20201118_63300_ESP000026768_02;Raja;40,7937;1,384004167;4;365,1;0,1903172;0;0;0;18/11/2020;NA;334,6951654;1;2,453659017;41;107,9625327;10,54664421;377,713562;39,77832794;13,65651894;225,0923767;-9,23E-05;8,091159821;0,132644281;4,451702118;0,231226489;38,54963684;0,000451308;0,000694284;3,43E-07;0,133872598;4,896573544;6;1;1,239434254;4,691004086;62;32;62;4;0;0;1;NA
ESP000026768;20210119_63300_ESP000026768_02;Raja;40,7935;1,37785;1;337,7;0,17289008;0;0;0;19/01/2020;NA;334,6951654;1;2,453659017;47;107,9625327;10,54664421;377,713562;39,77832794;13,68141747;223,581192;-0,000471815;8,091673851;0,136068597;4,334480286;0,227611199;38,53530121;-0,00997182;-0,002351794;5,25E-05;0,133872598;4,896573544;6;1;1,239434254;4,691004086;80;12;80;3;0;0;1;-1,755099262
ESP000026822;20210429_63300_ESP000026822_02;Raja;40,81236667;1,361147917;2;292,1;0,1890397;0;0;0;29/04/2020;NA;334,6951654;1;2,453659017;60;107,9625327;14,06219101;376,5570679;39,77832794;13,30351543;235,3091888;-0,017071342;8,106231689;0,234326899;3,411505938;0,176391497;38,46276093;0,00927026;-0,010934107;0,000102746;0,133872598;4,896573544;6;1;1,239434254;4,691004086;107;10;107;3;0;0;1;-1,665798233
ESP000026768;20210728_63300_ESP000026768_02;Raja;40,80734286;1,383221429;3;375,7;0,19689432;0;0;0;28/07/2020;NA;334,6951654;1;2,453659017;29;107,9625327;10,54664421;377,713562;39,77832794;13,60063553;228,0967712;-9,15E-05;8,095097542;0,116707921;4,098760605;0,210608587;38,58581543;0,000158379;-0,000733718;2,82E-07;0,133872598;4,896573544;6;1;1,239434254;4,691004086;134;66;134;5;0;0;1;-1,625088141
Mny;21_04_15_CU_2Mny_L2;Raja;39,4422703;0,1064282;2;328,72;0,603220995;0;0;0;15/04/2020;NA;430,6566173;1;2,881268821;84;108,5967996;11,710186;204,7669525;34,16672134;13,61186123;225,0529785;-0,00070022;8,088418961;0,058804031;4,422634602;0,226107046;38,58768463;0,00338633;0,01170013;7,42E-05;0,060611118;1,213281512;6;1;1,356162116;4,696808173;147;8;147;3;0;0;1;-0,505471657
Mny;21_04_27_CU_2Mny_L1;Raja;39,4429328;0,0998489;2;305,1;0,79523028;0;0;0;27/04/2020;NA;430,6566173;1;2,881268821;86;108,5967996;11,710186;204,7669525;34,16672134;13,57368755;232,2674255;-0,006277729;8,103535652;0,164653748;3,459422112;0,179054126;38,45330048;-0,010934164;0,036808319;0,000737204;0,060926851;3,677784204;6;1;1,356162116;4,696808173;150;37;150;2;0;0;1;-0,229123546
CPM;21_12_16_CP_CPM_L1;Raja;38,6322967;0,2711487;4;119,28;0,466989208;1;2,141377109;1;16/12/2020;NA;73,72101728;1;0,2183278;4;110,0504444;52,03499985;119,4804382;59,59552002;15,11197281;223,1375732;-0,061932705;8,080327988;0,682722092;3,053378582;0,201252013;37,89274216;0,008329045;0,049429778;0,001256338;0,636061728;5,478364468;6;1;0,197479263;4,709984552;185;69;185;5;1,144661274;0,693147181;1;-0,761449131
ESP000026569;20200714_64300_ESP000026569_01;Raja;41,43989333;2,56085;3;94,1;0,10382174;0;0;0;14/07/2020;NA;94,34945185;4;0,510701079;4;111,9501778;9,889373779;400,5605164;46,79863739;14,19582558;241,4105225;-0,051536024;8,109530449;0,743585944;1,582122087;0,102101751;38,24642181;-0,003590778;-0,014832426;0,000116447;0,793902457;6,71820116;3;3;0,412573834;4,726946817;22;47;22;3;0;0;3;NA
ESP000026569;20201028_64300_ESP000026569_01;Raja;41,43642;2,557253333;4;95,4;0,1217139;0;0;0;28/10/2020;NA;94,34945185;4;0,510701079;7;111,9501778;9,889373779;400,5605164;46,79863739;14,921525;233,1562195;-0,154276982;8,09910202;0,628226221;1,924994469;0,123050518;38,20752335;-0,000930563;0,009485421;4,54E-05;0,793902457;6,71820116;3;3;0,412573834;4,726946817;48;83;48;2;0;0;3;NA
ESP000026569;20210113_64300_ESP000026569_01;Raja;41,44103;2,56226;1;94,9;0,10469809;0;0;0;13/01/2020;NA;94,34945185;4;0,510701079;4;111,9501778;9,889373779;400,5605164;46,79863739;13,72200775;243,8396606;-0,507581472;8,129410744;0,257148445;1,551901102;0,076177664;38,10062027;0,06828399;0,06573882;0,004492148;0,793902457;6,71820116;3;3;0,412573834;4,726946817;76;7;76;1;0;0;3;NA
ESP000026569;20210714_64300_ESP000026569_01;Raja;41,4337;2,557783333;3;97,4;0,10521714;0;0;0;14/07/2020;NA;94,34945185;4;0,510701079;7;111,9501778;9,889373779;400,5605164;46,79863739;14,06842613;242,467865;0,482084215;8,115419388;0,695715666;1,56865263;0,103503071;38,16303253;0,002194083;0,012549967;8,12E-05;0,793902457;6,71820116;3;3;0,412573834;4,726946817;127;59;127;4;0;0;3;NA
ESP000026768;20200730_63300_ESP000026768_03;Raja;40,8786;1,285047222;3;127,5;0,185891;0;0;0;30/07/2020;NA;129,1792247;2;0,855802073;6;112,8349774;23,02196503;383,155426;50,53490448;13,78323269;239,8249054;-0,033708006;8,107963562;0,656879723;2,350510597;0,144011781;38,31964111;-0,003910274;0,005474181;2,26E-05;0,399212152;5,705608368;9;2;0,618316987;4,734749833;29;35;29;1;0;0;2;NA
ESP000026768;20210119_63300_ESP000026768_03;Raja;40,87739667;1,30686;1;147,7;0,11867743;0;0;0;19/01/2020;NA;129,1792247;2;0,855802073;16;112,8349774;19,85525894;384,2233887;50,53490448;13,77954865;242,9502716;-0,474567741;8,123590469;0,259388208;1,915889025;0,09504009;38,13454819;0,014605833;0,018969875;0,000286593;0,399212152;5,705608368;9;2;0,618316987;4,734749833;81;67;81;4;0;0;2;-2,131346139
ESP000026822;20210429_63300_ESP000026822_03;Raja;40,89983333;1,289123333;2;129,8;0,1483269;0;0;0;29/04/2020;NA;129,1792247;2;0,855802073;6;112,8349774;23,02196503;383,155426;50,53490448;13,56357193;245,2918854;-0,11383345;8,119425774;0,5517627;2,003543377;0,113135859;38,27690887;0,001818222;-0,023103664;0,000268543;0,399212152;5,705608368;6;1;0,618316987;4,734749833;108;17;108;1;0;0;1;-1,908336657
ESP000022870;20210127_64600_ESP000022870_01;Raja;42,09041429;3,615211905;1;583;0,18120848;0;0;0;27/01/2020;NA;510,4444099;1;2,596884859;118;113,1267994;3,446479321;288,9405212;75,79734802;13,09269238;220,4454041;-5,78E-07;8,078364372;0,003286048;5,152217865;0,257815003;38,52233887;0,002941982;0;4,33E-06;0,087364584;0,935263097;6;1;1,280068154;4,737310106;82;16;82;4;0;0;1;-1,708107087
ESP000022870;20200721_64600_ESP000022870_03;Raja;42,08182333;3,352293333;3;121,2;0,0732528;0;0;0;21/07/2020;NA;121,3255802;1;0,20169106;3;116,8204445;15,50607109;309,5531616;80,94246674;14,07342052;239,2947235;-0,117205337;8,105665207;0,831647813;2,270308733;0,140221193;38,28116608;0,015522695;-0,02975505;0,000563159;0,812273085;8,228462219;6;1;0,183729781;4,769161809;27;74;27;5;0;0;1;-2,613838807
ESP000022870;20210127_64600_ESP000022870_03;Raja;42,05663;3,3655;1;130,2;0,15124257;0;0;0;27/01/2020;NA;121,3255802;1;0,20169106;3;116,8204445;15,50607109;309,5531616;80,94246674;13,50083637;244,842041;-0,37733987;8,124726295;0,244459301;2,008127928;0,101977035;38,15582657;-0,024180831;-0,021538239;0,000524304;0,654386997;8,507019997;6;1;0,183729781;4,769161809;84;8;84;5;0;0;1;-1,888870307
ESP000025627;20201124_64200_ESP000025627_02;Raja;41,2223375;2,32955625;4;385,3;0,19326472;2;10,349;1;24/11/2020;NA;370,7462914;1;1,647064207;30;118,2809771;8,38218689;430,5292358;28,63331604;13,53796291;223,9109039;-2,51E-05;8,091006279;0,086257219;4,55056715;0,233760789;38,57436752;-0,00362668;-0,007067557;3,16E-05;0,160308048;5,41215086;6;1;0,973451179;4,781481862;65;50;65;3;2,429129634;1,098612289;1;-1,643694424
ESP000025627;20210325_64200_ESP000025627_01;Raja;41,18322857;2,402640476;1;623,3;0,17079869;0;0;0;25/03/2020;NA;623,5347704;1;2,675067032;52;123,087377;8,38218689;427,1728516;27,76387978;13,14748001;220,9011993;-0,000226261;8,086047173;0,020056063;4,928603649;0,24842909;38,54314423;-0,005800656;-0,008143474;5,00E-05;0,083970375;0,69042778;6;1;1,301571372;4,82098597;97;35;97;5;0;0;1;NA
ESP000025627;20210519_64200_ESP000025627_01;Raja;41,1806381;2,40662381;2;637,6;0,17374375;0;0;0;19/05/2020;NA;623,5347704;1;2,675067032;54;123,087377;8,38218689;427,1728516;27,76387978;13,39036179;222,5905609;-0,000231208;8,082956314;0,029696951;4,838339806;0,243978679;38,5950737;0,002769468;-0,018080993;0,000167296;0,083970375;0,69042778;6;1;1,301571372;4,82098597;115;62;115;4;0;0;1;NA
ESP000022870;20210127_64600_ESP000022870_02;Raja;42,03164444;3,581266667;1;443,2;0,229361;0;0;0;27/01/2020;NA;550,0574321;1;2,694675294;41;124,397822;11,54350281;296,2346802;73,47605133;13,23210526;221,2531891;-2,29E-06;8,08399868;0,009045748;5,024718761;0,252138913;38,54967499;0,000490292;-0,004738356;1,13E-05;0,082734086;0,970530748;6;1;1,306892673;4,83149126;83;56;83;3;0;0;1;-1,472458097
ESP000026569;20200714_64300_ESP000026569_02;Raja;41,31455238;2,550640476;3;378;0,1533675;0;0;0;14/07/2020;NA;423,1619605;1;2,394713347;23;131,9033467;3,48902297;407,8930054;28,63154221;13,69723511;223,0619965;-3,10E-05;8,085419655;0,032866653;4,747533321;0,240176573;38,65019226;0,001421234;-0,002478295;4,08E-06;0,126967266;2,974248171;10;1;1,222219323;4,889622148;23;42;23;1;0;0;1;NA
ESP000026569;20210113_64300_ESP000026569_02;Raja;41,31890238;2,571638095;1;360;0,14669826;0;0;0;13/01/2020;NA;422,3814321;1;2,268940308;27;131,9033467;3,48902297;407,8930054;28,63154221;13,68301964;223,0174408;-0,000132272;8,088773727;0,111928567;4,467349529;0,232051104;38,56228638;0,013292534;0,013310115;0,000176925;0,13448225;3,992292881;10;1;1,184465868;4,889622148;77;91;77;3;0;0;1;-1,919377455
ESP000026569;20201028_64300_ESP000026569_02;Raja;41,3310625;2,574145833;4;366,3;0,1815616;1;5,508;1;28/10/2020;NA;422,3814321;1;2,268940308;18;131,9033467;3,48902297;407,8930054;28,63154221;13,4299736;222,2483826;-2,87E-05;8,090714455;0,044396468;4,843988419;0,244996265;38,56317139;0,017754938;0,00770536;0,000187305;0,13448225;3,992292881;10;1;1,184465868;4,889622148;49;63;49;5;1,873032189;0,693147181;1;-1,706160289
ESP000026569;20210714_64300_ESP000026569_02;Raja;41,30381111;2,5581;3;409,9;0,17719516;0;0;0;14/07/2020;NA;423,1619605;1;2,394713347;30;131,9033467;3,48902297;407,8930054;28,63154221;13,73447704;224,4550934;-2,47E-05;8,086357117;0,038194232;4,592354298;0,232320398;38,6547966;-0,005346751;0,013124193;0,000100416;0,126967266;2,974248171;10;1;1,222219323;4,889622148;128;33;128;2;0;0;1;NA
ESP000022116;20200630_64410_ESP000022116_02;Raja;41,4625;3,079738095;2;387,7;0,0802104;0;0;0;30/06/2020;NA;407,9058321;1;1,87992969;16;133,9835554;0;362,7523499;23,17384529;13,5739069;224,6129608;-8,99E-05;8,091929436;0,055536229;4,415058613;0,225275159;38,57676315;0,003051507;0,0044599;1,46E-05;0,135773763;3,98689127;10;1;1,057765881;4,905152959;17;49;17;5;0;0;1;NA
ESP000026768;20210728_63300_ESP000026768_03;Raja;40,92110556;1,321575;3;173,7;0,1471406;0;0;0;28/07/2020;NA;179,9947704;1;1,07104434;17;136,6913344;22,38505745;388,6274414;56,13404083;13,64711285;232,0829315;-0,000856444;8,108742714;0,336932749;3,23824501;0,175232545;38,37503052;-0,001889731;-0,000258149;1,82E-06;0,237046063;6,09428215;6;1;0,728052992;4,925014472;135;83;135;1;0;0;1;-1,916366687
CPM;22_01_13_CP_CPM_L1;Raja;38,6167942;0,256;1;67,17;0,4698524;3;6,38498388;1;13/01/2020;NA;61,54752593;1;0,211798309;4;136,9126672;47,52321625;114,974823;59,59552002;15,15113449;221,8985138;-0,015265243;8,080708504;0,510364234;3,267913818;0,203459442;37,93033218;-0,005700521;0,013862693;0,000112335;0,616136372;5,610833168;6;1;0,192105462;4,926620638;189;88;189;5;1,999448733;1,386294361;1;-0,755336676
Mny;21_04_27_CU_2Mny_L2;Raja;39,421353;0,0870036;2;330;0,741734612;0;0;0;27/04/2020;NA;254,8418173;1;2,317800058;95;143,1143551;11,710186;204,7669525;34,16672134;13,57368755;232,2674255;-0,006277729;8,103535652;0,164653748;3,459422112;0,179054126;38,45330048;-0,010934164;0,036808319;0,000737204;0,060926851;3,677784204;6;1;1,19930193;4,970607117;151;46;151;3;0;0;1;-0,298763766
ESP000022116;20201217_64410_ESP000022116_02;Raja;41,45737619;3,077878571;4;397,5;0,08848925;0;0;0;17/12/2020;NA;407,9058321;1;1,87992969;18;145,1823563;3,482349873;365,3248291;23,17384529;13,45128727;222,997879;-2,39E-05;8,089819908;0,051462207;4,578931332;0,233375937;38,56824112;8,10E-06;-0,001529511;1,17E-06;0,074282847;0,919956803;10;1;1,057765881;4,984854858;71;12;71;2;0;0;1;NA
ESP000022116;20210330_64410_ESP000022116_01;Raja;41,54506333;2,922906667;1;104,2;0,06093773;0;0;0;30/03/2020;NA;383,8798765;4;5,086479302;54;145,8138668;5,786900043;366,5894165;34,75287628;13,50106621;247,6388702;-0,706538022;8,121148109;0,280217618;1,958433032;0,090568006;38,24897766;-0,032611609;-0,012688273;0,000612255;0,36136499;8,695021629;10;1;1,806069803;4,989165572;100;2;100;4;0;0;1;NA
ESP000025627;20200818_64200_ESP000025627_02;Raja;41,22065476;2,318369048;3;381,9;0,18190832;0;0;0;18/08/2020;NA;370,7462914;1;1,647064207;35;147,4292888;8,38218689;430,5292358;28,63331604;13,6361475;226,0234375;-0,000261358;8,09088707;0,094483867;4,328577042;0,222326741;38,60442352;-0,004563015;-4,74E-05;1,04E-05;0,160308048;5,41215086;6;1;0,973451179;5,000108675;37;51;37;2;0;0;1;-1,704252455
ESP000025627;20210519_64200_ESP000025627_02;Raja;41,22070714;2,286497619;2;355,7;0,1741299;0;0;0;19/05/2020;NA;336,7782469;1;1,60615799;29;147,4292888;5,798705578;433,4823303;28,63331604;13,68094826;227,3240356;-0,001024096;8,092647552;0,107323781;4,206958294;0,215468332;38,60260391;-0,000841124;-0,005359675;1,47E-05;0,175058559;6,403442383;6;1;0,957877102;5,000108675;116;26;116;1;0;0;1;-1,747953707
ESP000026569;20210429_64300_ESP000026569_02;Raja;41,30627143;2,583616667;2;392,3;0,16489778;0;0;0;29/04/2020;NA;422,3814321;1;2,268940308;26;147,5404683;3,48902297;404,9613037;27,76428223;13,54282856;225,1627655;-0,001960565;8,091442108;0,080861777;4,419715881;0,225313827;38,6086731;-0,004679696;-0,01196414;8,25E-05;0,13448225;3,992292881;10;1;1,184465868;5,000857435;110;20;110;4;0;0;1;NA
ESP000025837;20200813_63210_ESP000025837_03;Raja;40,67105667;1,111043333;3;65;0,2436298;0;0;0;13/08/2020;NA;90,40055802;1;0,135733229;2;150,3386226;35,51308823;356,9326172;56,2517662;14,20343208;247,8328705;4,794573784;8,116606712;0,564207017;1,006206632;0,06840682;38,27932739;-0,004459505;0,007521362;3,82E-05;0,751640081;4,940505028;6;1;0,127278459;5,01951986;35;80;35;3;0;0;1;NA
Mny;20_12_03_CU_2Mny_L1;Raja;39,1256363;0,0738281;4;124,3;0,75514374;0;0;0;03/12/2020;NA;122,3981778;1;0,614019913;12;154,1566673;8,559508324;172,241806;40,46627045;14,11157894;229,8662567;-0,043044794;8,100393295;0,555654168;2,731186867;0,164511532;38,28505325;0,001487155;-0,020244163;0,000206019;0,203876689;6,103868484;6;1;0,478727907;5,044435363;5;59;5;4;0;0;1;-0,280847164
ESP000026768;20201118_63300_ESP000026768_03;Raja;40,8807;1,315011111;4;160,9;0,11961396;2;16,72;1;18/11/2020;NA;202,6160395;2;1,549387181;24;155,3579546;19,85525894;384,2233887;50,53490448;13,7945013;227,2987671;-0,003823033;8,098151207;0,428514034;3,481188774;0,20058246;38,37215042;0,00831824;-0,00817517;6,80E-05;0,182199538;6,51250124;9;2;0,935853009;5,05214796;63;94;63;2;2,874693945;1,098612289;2;-2,123485722
ESP000022116;20200916_64410_ESP000022116_02;Raja;41,56455952;2,819038095;3;308,5;0,07001532;0;0;0;16/09/2020;NA;186,0654321;1;3,901780366;223;155,7075556;0;375,5203247;42,51947403;13,43040276;221,500885;-5,14E-06;8,083839417;0,015030218;4,991652966;0,250760466;38,598629;0;0,003769516;7,10E-06;0,10553991;0,637201011;6;1;1,589598479;5,054381365;47;47;47;1;0;0;1;-2,659041204
VG;22_01_21_CRT_VG_L2;Raja;37,5089566;-1,0168034;1;113,3;0,429860312;1;2,326337119;1;21/01/2020;NA;320,3438519;1;6,276712098;16;163,5737543;11,82670975;88,01439667;223,719101;14,15837765;219,6012421;-0,00071758;8,087821007;0,329097241;4,286019802;0,242240027;38,25069809;0,001500299;0,00942149;4,55E-05;0,196814567;3,907220364;7;1;1,984679125;5,103358824;193;90;193;4;1,201871734;0,693147181;1;-0,844294979
ESP000000782;20200618_64100_ESP000000782_02;Raja;41,04607778;1,820275;2;367,8;0,26599815;7;26,316;1;18/06/2020;NA;462,415679;1;3,544457897;53;166,0186682;3,502319098;416,318512;34,84710312;13,56079865;221,220047;-2,25E-05;8,083470345;0,014915333;4,983534813;0,250759512;38,61786652;-0,001065217;0,010199092;5,26E-05;0,087485038;1,916760921;6;1;1,513908446;5,118105592;11;59;11;5;3,307472611;2,079441542;1;-1,324265925
Mny;21_08_02_CU_2Mny_L1;Raja;39,1376703;0,2502403;3;561,75;0,609909937;0;0;0;02/08/2020;NA;447,8974272;1;2,7901846;62;169,4286217;4,625777721;174,0409851;21,61843681;13,33311558;222,2913513;-7,57E-07;8,086426735;0,006701487;4,908473492;0,246779561;38,57034302;0,001005332;0,001560242;1,72E-06;0,074978776;0,634577096;6;1;1,332414725;5,138316568;171;57;171;1;0;0;1;-0,494443977
ESP000025837;20210218_63210_ESP000025837_02;Raja;40,78355333;1,007653333;1;77,7;0,16350796;14;85,623;1;18/02/2020;NA;68,18384198;1;0,197386401;7;174,2635547;42,45262909;363,9645081;66,02558136;13,48419476;249,6818237;-1,136729121;8,134689331;0,468638301;2,858315468;0,100514434;38,06805801;-0,030255243;0,010823568;0,000516265;1,103988528;5,409182549;6;1;0,180141182;5,166290868;86;20;86;4;4,461565369;2,708050201;1;-1,810893605
Mny;21_11_19_CU_2MNY_L2;Raja;39,1642728;0,1793656;4;585,37;0,434064056;3;6,911422314;1;19/11/2020;NA;585,6407407;1;2,847900463;97;177,2155562;4,625777721;173,0939636;28,43631744;13,6730299;223,3109894;-1,00E-05;8,090867043;0,060283221;4,54537487;0,232753068;38,53083801;-0,015380385;-0,004522211;0,000128503;0,035388585;3,156086445;6;1;1,347527665;5,182993807;181;68;181;1;2,068307578;1,386294361;1;-0,834563161
VG;21_10_29_CRT_VG_L2;Raja;37,49672;-1,253659;4;191;0,5383764;0;0;0;29/10/2020;NA;319,9625926;1;5,178542887;71;179,2403561;8,703141212;110,5004349;244,8345642;13,7327404;217,2501068;-0,000182418;8,081269264;0,031447839;5,133205891;0,2600618;38,66304779;-0,008195037;0,005489752;4,86E-05;0,058752179;0,896045566;7;1;1,821082465;5,194291272;179;54;179;3;0;0;1;-0,619197335
ESP000025627;20201124_64200_ESP000025627_03;Raja;41,16752917;2,300029167;4;574,4;0,17554167;2;11,393;1;24/11/2020;NA;738,137284;1;3,008630221;41;180,6177772;4,627380371;433,0265808;28,63331604;13,421381;221,7331238;-5,38E-06;8,086742401;0,033965871;4,863422871;0,245687485;38,58395767;-0,013195207;-0,009498833;0,000132171;0,086392783;1,135896444;6;1;1,388449592;5,201904353;66;73;66;1;2,517131797;1,098612289;1;-1,739878828
Mny;20_12_03_CU_2Mny_L2;Raja;39,1692775;0,1378699;4;320,4;0,634717273;7;11,02853238;1;03/12/2020;NA;432,7987654;1;3,207809696;174;186,5418221;0;177,3413544;30,22434807;13,6193819;224,4818115;-1,14E-05;8,087677002;0,041875537;4,653739452;0,236184672;38,59487915;0,008009085;0,001290514;3,29E-05;0,051868625;1,89317286;6;1;1,43694225;5,234001872;6;91;6;3;2,487281526;2,079441542;1;-0,454575619
ESP000022116;20201217_64410_ESP000022116_03;Raja;41,5091;2,9618;4;539,5;0,08160109;0;0;0;17/12/2020;NA;312,2351951;1;3,955692029;80;189,6929786;0;366,081604;34,75287628;13,48344326;223,468399;-1,16E-05;8,090110779;0,044516612;4,550583839;0,231685042;38,56745529;0,006378705;-0,009966234;7,00E-05;0,086054184;1,513316631;10;1;1,600536821;5,250664693;72;38;72;3;0;0;1;-2,505912659
ESP000022116;20210609_64410_ESP000022116_03;Raja;41,50790417;2,968904167;2;535,8;0,02562741;0;0;0;09/06/2020;NA;312,2351951;1;3,955692029;93;189,6929786;0;366,081604;34,75287628;13,63728809;224,3889923;-0,000163253;8,088001251;0,058806345;4,462444782;0,226804942;38,62694168;0,009869154;-0,009077868;8,99E-05;0,086054184;1,513316631;10;1;1,600536821;5,250664693;123;40;123;1;0;0;1;-3,664092797
Mny;21_05_27_CU_Mny_L1;Raja;39,3712377;0,0184316;2;132,87;0,86931954;1;1,150325;1;27/05/2020;NA;192,065358;1;1,714631905;18;192,2199579;4,625910282;195,233429;37,09654236;13,63055134;237,5097961;-0,006516291;8,111244202;0,297748566;2,982334137;0,159535974;38,32335281;0,004941669;0;1,22E-05;0,216693908;6,112555027;6;1;0,998656366;5,263829218;156;65;156;5;0,765618994;0,693147181;1;-0,140044511
ESP000022116;20200630_64410_ESP000022116_03;Raja;41,48366667;3,032861111;2;548,6;0,05058192;0;0;0;30/06/2020;NA;420,2797284;1;2,275470801;73;203,4544463;0;365,6599426;23,17384529;13,64313412;221,7496338;-1,62E-05;8,084041595;0,019696197;4,867577553;0,245486811;38,64125824;0,006606802;-0,000742791;2,21E-05;0,082993001;0,740125179;10;1;1,186461615;5,320345194;18;85;18;3;0;0;1;-2,984161079
ESP000022116;20210330_64410_ESP000022116_03;Raja;41,46961667;3,025457143;1;538,9;0,06549138;0;0;0;30/03/2020;NA;575,1766173;1;3,637232208;101;203,4544463;0;365,6599426;23,17384529;13,48504353;222,3494263;-0,005739969;8,088593483;0,062238131;4,5958848;0,233574361;38,60488892;-0,015249684;-0,005852469;0,000133402;0,082993001;0,740125179;6;1;1,534117681;5,320345194;102;63;102;2;0;0;1;-2,725836748
ESP000000782;20200916_64100_ESP000000782_03;Raja;41,10840278;1,766088889;3;123,4;0,2053428;0;0;0;16/09/2020;NA;175,9848346;1;1,935180128;60;203,7424442;3,500107765;419,240509;42,5826683;13,67460537;233,9334412;-0,009775822;8,101902008;0,480878204;3,13265276;0,180973992;38,40038681;0,003106949;-0,003468451;1,08E-05;0,21767135;7,243842602;7;1;1,076768824;5,32175282;45;42;45;3;0;0;1;NA
ESP000000782;20200618_64100_ESP000000782_03;Raja;41,10856944;1,763933333;2;129,5;0,2137284;2;9,358;1;18/06/2020;NA;175,9848346;1;1,935180128;60;203,7424442;3,500107765;419,240509;42,5826683;13,59967518;240,2172699;-0,007217303;8,108142853;0,437857419;2,670154333;0,15052408;38,39686966;0,003525883;-0,003931336;1,39E-05;0,21767135;7,243842602;7;1;1,076768824;5,32175282;12;55;12;4;2,337759168;1,098612289;1;-1,543049229
ESP000000782;20201215_64100_ESP000000782_03;Raja;41,10666667;1,767;4;128,4;0,2264331;4;17,665;1;15/12/2020;NA;175,9848346;1;1,935180128;45;203,7424442;3,500107765;419,240509;42,5826683;13,80590343;226,5561676;-0,000100675;8,097877502;0,301419377;3,786609411;0,209927127;38,40921783;0,000840224;-0,011281234;6,40E-05;0,21767135;7,243842602;7;1;1,076768824;5,32175282;69;81;69;1;2,926650112;1,609437912;1;-1,485305742
ESP000000782;20210316_64100_ESP000000782_03;Raja;41,10382333;1,77154;1;140,3;0,16849367;2;11,87;1;16/03/2020;NA;138,1340346;1;1,826699782;30;203,7424442;3,500107765;419,240509;42,5826683;13,47826862;239,7787018;-0,118980259;8,117488861;0,262715578;2,501422882;0,130937457;38,31253815;0,002704575;0,000678086;3,89E-06;0,313703567;6,759124756;6;1;1,039109876;5,32175282;93;78;93;2;2,554899022;1,098612289;1;-1,780857097
Mny;21_02_25_CU_2Mny_L1;Raja;39,1339806;0,1684863;1;174,3;0,8152504;0;0;0;25/02/2020;NA;212,7862074;1;2,314101943;57;203,9084439;4,625777721;173,0939636;28,43631744;13,7073307;226,1748047;-0,018918596;8,091982841;0,118227035;4,077056885;0,212519109;38,53167725;0,024552694;-0,024288515;0,000596383;0,035388585;3,156086445;6;1;1,19818668;5,322563264;136;15;136;5;0;0;1;-0,204259974
VG;21_10_06_CRT_VG_L2;Raja;37,5863667;-0,4482066;4;534;0,53708;0;0;0;06/10/2020;NA;562,5518025;1;5,831872178;93;206,2986626;5,910228729;36,07068253;188,0387115;13,75613499;219,3791351;-1,17E-07;8,087672234;0,022058712;5,065681458;0,256415159;38,59819031;0,006787808;-0,011855309;9,33E-05;0,057717033;2,9102211;8;5;1,921598747;5,334160568;175;87;175;5;0;0;5;-0,62160822
Mny;21_07_29_CU_2Mny_L1;Raja;39,3432514;0,0315979;3;128,71;0,822583024;2;2,431365519;1;29/07/2020;NA;208,7789679;1;1,857591756;34;207,3189783;4,625910282;195,233429;37,09654236;13,65221596;225,5767822;-1,56E-05;8,096234322;0,056753162;4,279252529;0,219027981;38,51383972;4,23E-05;0;8,93E-10;0,067911454;4,224908829;6;1;1,049979227;5,339070454;170;80;170;4;1,232958292;1,098612289;1;-0,19530586
Mny;21_05_27_CU_Mny_L2;Raja;39,381365;0,0094073;2;147,2;0,714330475;0;0;0;27/05/2020;NA;192,065358;1;1,714631905;11;208,3180011;9,251853943;199,8582153;37,09654236;13,66245461;238,1851044;-0,010818372;8,111712456;0,324225008;2,909604073;0,156783924;38,30010605;0,001005969;-0,008831673;3,95E-05;0,261594623;6,327803135;6;1;0,998656366;5,343854632;157;100;157;4;0;0;1;-0,336409574
Mny;21_02_25_CU_2Mny_L2;Raja;39,1420394;0,1906451;1;376;0,734016494;0;0;0;25/02/2020;NA;329,7229877;1;2,84663304;136;216,2143994;4,625777721;173,0939636;28,43631744;13,58803368;222,7833405;-7,22E-06;8,084957123;0,020903306;4,866571903;0,246330813;38,59469223;0,010060704;-0,00055302;5,08E-05;0,069746085;1,329292655;6;1;1,347198231;5,380884881;137;44;137;1;0;0;1;-0,309223779
Mny;21_08_02_CU_2Mny_L2;Raja;39,1489478;0,2065412;3;475;0,633099162;0;0;0;02/08/2020;NA;329,7229877;1;2,84663304;102;216,2143994;4,625777721;173,0939636;28,43631744;13,440135;221,6378784;-5,57E-07;8,087903023;0,008130335;4,901005745;0,246731803;38,58507919;0,001364368;0,00077952;1,23E-06;0,069746085;1,329292655;6;1;1,347198231;5,380884881;172;54;172;5;0;0;1;-0,457128215
Mny;21_11_19_CU_2MNY_L1;Raja;39,1494053;0,2176495;4;595,14;0,47782489;4;8,371267565;1;19/11/2020;NA;447,8974272;1;2,7901846;74;216,2143994;4,625777721;173,5299225;28,43631744;13,51832771;221,5193329;-2,12E-07;8,086773872;0,00768695;4,889162064;0,246132404;38,58197403;-0,00159388;-0,002297701;3,91E-06;0,069746085;1,329292655;6;1;1,332414725;5,380884881;180;37;180;1;2,237648366;1,609437912;1;-0,738510953
ESP000022870;20200721_64600_ESP000022870_01;Raja;41,97239762;3,553840476;3;555,7;0,178371;0;0;0;21/07/2020;NA;542,8012099;1;2,745027228;98;217,6088901;11,55141926;298,4230347;65,47185516;13,16215706;223,7322845;-1,22E-05;8,092240334;0,027105136;4,68031168;0,236908555;38,52159119;-0,004046591;0,000576894;8,35E-06;0,074750237;1,162203074;10;1;1,320428887;5,387284243;25;66;25;4;0;0;1;NA
ESP000022870;20200721_64600_ESP000022870_02;Raja;42,00291905;3,550290476;3;434,4;0,109299;0;0;0;21/07/2020;NA;542,8012099;1;2,745027228;56;217,6088901;11,54350281;296,2346802;73,47605133;13,16215706;223,7322845;-1,22E-05;8,092240334;0,027105136;4,68031168;0,236908555;38,52159119;-0,004046591;0,000576894;8,35E-06;0,120347321;1,824568629;10;1;1,320428887;5,387284243;26;76;26;2;0;0;1;-2,213668033
ESP000022870;20201028_64600_ESP000022870_02;Raja;42,00660952;3,547821429;4;421,5;0,22916525;0;0;0;28/10/2020;NA;542,8012099;1;2,745027228;58;217,6088901;11,54350281;296,2346802;73,47605133;13,2946806;222,7447052;-7,65E-05;8,089033127;0,011279293;4,865697861;0,244745374;38,55047607;-0,000376533;-0,005504682;1,52E-05;0,120347321;1,824568629;10;1;1,320428887;5,387284243;52;45;52;2;0;0;1;-1,47331192
ESP000022870;20210420_64600_ESP000022870_02;Raja;42,00579048;3,547609524;2;421,5;0,24377861;0;0;0;20/04/2020;NA;542,8012099;1;2,745027228;58;217,6088901;11,54350281;296,2346802;73,47605133;13,60880756;223,1227722;-0,000802636;8,083950043;0,040106967;4,791718483;0,241945818;38,635746;0,0005533;0,00220369;2,58E-06;0,120347321;1,824568629;10;1;1,320428887;5,387284243;104;100;104;3;0;0;1;-1,411494802
ESP000022870;20210722_64600_ESP000022870_01;Raja;41,97181905;3,554211905;3;552,9;0,20554971;0;0;0;22/07/2020;NA;542,8012099;1;2,745027228;89;217,6088901;11,55141926;298,4230347;65,47185516;13,66890049;224,0088959;-3,57E-05;8,083519936;0,041838951;4,675310135;0,236233175;38,66181183;-0,0009778;-0,003236483;5,72E-06;0,074750237;1,162203074;6;1;1,320428887;5,387284243;130;17;130;1;0;0;1;NA
ESP000022870;20210722_64600_ESP000022870_02;Raja;42,00708333;3,556569048;3;447,4;0,22623576;0;0;0;22/07/2020;NA;542,8012099;1;2,745027228;54;217,6088901;11,54350281;296,2346802;73,47605133;13,66890049;224,0088959;-3,57E-05;8,083519936;0,041838951;4,675310135;0,236233175;38,66181183;-0,0009778;-0,003236483;5,72E-06;0,120347321;1,824568629;6;1;1,320428887;5,387284243;131;90;131;2;0;0;1;NA
ESP000022870;20201028_64600_ESP000022870_01;Raja;41,96270952;3,54937619;4;562,1;0,20236925;0;0;0;28/10/2020;NA;641,6508642;1;2,545229793;80;226,4291016;11,55141926;298,4230347;65,47185516;13,2946806;222,7447052;-7,65E-05;8,089033127;0,011279293;4,865697861;0,244745374;38,55047607;-0,000376533;-0,005504682;1,52E-05;0,074750237;1,162203074;10;1;1,26560298;5,426838548;51;69;51;1;0;0;1;NA
ESP000022870;20210420_64600_ESP000022870_01;Raja;41,96618095;3,552207143;2;566,6;0,2232934;0;0;0;20/04/2020;NA;641,6508642;1;2,545229793;66;226,4291016;11,55141926;298,4230347;65,47185516;13,60880756;223,1227722;-0,000802636;8,083950043;0,040106967;4,791718483;0,241945818;38,635746;0,0005533;0,00220369;2,58E-06;0,074750237;1,162203074;10;1;1,26560298;5,426838548;103;40;103;3;0;0;1;NA
VG;22_01_21_CRT_VG_L1;Raja;37,5067071;-1,1321111;1;257,25;0,124706272;0;0;0;21/01/2020;NA;544,4700494;1;7,556412139;248;258,2121785;9,248887062;99,01480103;228,2984009;13,83422661;219,173996;-0,000173188;8,0888834;0,215163887;4,630954266;0,250598401;38,39120102;0;-0,001970175;1,94E-06;0,092667006;3,362632036;7;1;2,14668096;5,557646948;192;19;192;1;0;0;1;-2,081794131
ESP000000782;20200618_64100_ESP000000782_01;Raja;41,0152375;1,818466667;2;603,3;0,2431252;0;0;0;18/06/2020;NA;573,7183654;1;3,67170447;61;263,152488;4,62724638;412,0633545;34,84710312;13,43086243;220,8725433;-8,31E-06;8,081056595;0,008825151;5,062734127;0,254168749;38,59590149;0,006456532;0,008863348;6,01E-05;0,061191682;1,163002372;6;1;1,541523988;5,576526542;10;84;10;1;0;0;1;NA
ESP000000782;20200916_64100_ESP000000782_01;Raja;41,00935208;1,780114583;3;564,8;0,1726574;0;0;0;16/09/2020;NA;493,9847309;1;2,759488623;76;263,152488;3,504528522;410,692749;34,84710312;13,50420666;221,5993042;-7,67E-06;8,083661079;0,014243856;4,970205784;0,249910384;38,61206436;0,005285115;0,00780514;4,44E-05;0,076544903;1,943031549;6;1;1,324282944;5,576526542;43;12;43;3;0;0;1;NA
ESP000000782;20201215_64100_ESP000000782_01;Raja;41,02008958;1,817875;4;552,6;0,4077186;0;0;0;15/12/2020;NA;573,7183654;1;3,67170447;60;263,152488;4,62724638;412,0633545;34,84710312;13,3612051;221,5322876;-5,26E-07;8,083236694;0,017714202;4,959506989;0,249555543;38,58350754;-0,004617915;-0,017054949;0,000156098;0,061191682;1,163002372;6;1;1,541523988;5,576526542;67;18;67;1;0;0;1;-0,897178048
ESP000000782;20201215_64100_ESP000000782_02;Raja;41,04369444;1,818694444;4;207,4;0,1804713;0;0;0;15/12/2020;NA;573,7183654;1;3,67170447;62;263,152488;3,502319098;416,318512;34,84710312;13,44619465;222,4058228;-1,30E-08;8,086756706;0,032494344;4,825754166;0,24408102;38,5873909;-0,000816654;-0,006131335;1,91E-05;0,087485038;1,916760921;6;1;1,541523988;5,576526542;68;13;68;5;0;0;1;-1,712183517
ESP000000782;20210316_64100_ESP000000782_01;Raja;41,00954375;1,78115;1;568,8;0,17883751;0;0;0;16/03/2020;NA;493,9847309;1;2,759488623;76;263,152488;3,504528522;410,692749;34,84710312;13,52104187;224,1012878;-0,004841723;8,086696625;0,063727222;4,512768745;0,22975947;38,57024384;0,046358731;0,006507683;0,001095741;0,076544903;1,943031549;6;1;1,324282944;5,576526542;91;77;91;2;0;0;1;NA
ESP000000782;20210316_64100_ESP000000782_02;Raja;41,04231667;1,814880952;1;378,3;0,24100395;0;0;0;16/03/2020;NA;573,7183654;1;3,67170447;64;263,152488;3,502319098;416,318512;34,84710312;13,53086281;223,4768524;-0,002777255;8,087255478;0,055191197;4,558260441;0,232084587;38,57034683;-0,007515642;0,007731578;5,81E-05;0,087485038;1,916760921;6;1;1,541523988;5,576526542;92;71;92;2;0;0;1;-1,422941956
ESP000000782;20210630_64100_ESP000000782_02;Raja;41,04121667;1,817422917;2;382,2;0,27274319;6;21,99871608;1;30/06/2020;NA;573,7183654;1;3,67170447;67;263,152488;4,62724638;412,0633545;34,84710312;13,35934353;222,8591766;-4,18E-05;8,08464241;0,030412808;4,736868382;0,239157945;38,58354187;0,000629132;-0,010729475;5,78E-05;0,061191682;1,163002372;6;1;1,541523988;5,576526542;125;91;125;4;3,135438392;1,945910149;1;-1,299224623
ESP000022116;20210330_64410_ESP000022116_02;Raja;41,5009619;3,056854762;1;402,3;0,07898236;0;0;0;30/03/2020;NA;420,2797284;1;2,275470801;115;265,5956443;4,627649307;360,2208862;31,06563568;13,4740696;243,6092072;-0,538140178;8,119576454;0,232451379;2,277055025;0,109947339;38,22175598;-0,014439895;-0,009190107;0,000146484;0,253268093;7,70418644;7;1;1,186461615;5,58573307;101;75;101;5;0;0;1;NA
VG;21_10_06_CRT_VG_L1;Raja;37,5985295;-0,3990365;4;529,6;0,42928434;0;0;0;06/10/2020;NA;670,0075309;2;5,101465845;66;270,7620024;8,692785263;32,39256287;184,7678833;13,61770248;219,1426239;-4,56E-05;8,085305214;0,002259509;5,156933784;0,259286523;38,62511063;-0,00463434;-0,017968534;0,000172173;0,051393759;1,249400973;9;2;1,808529045;5,604926692;174;6;174;2;0;0;2;-0,845635782
ESP000000782;20210630_64100_ESP000000782_03;Raja;41,01664524;1,832242857;2;570,9;0,18706207;0;0;0;30/06/2020;NA;573,7183654;1;3,67170447;54;288,9542221;4,62724638;412,0633545;34,84710312;13,35934353;222,8591766;-4,18E-05;8,08464241;0,030412808;4,736868382;0,239157945;38,58354187;0,000629132;-0,010729475;5,78E-05;0,061191682;1,163002372;6;1;1,541523988;5,669723056;126;58;126;4;0;0;1;NA
ESP000000782;20200916_64100_ESP000000782_02;Raja;41,04376667;1,820888889;3;369,8;0,320427;2;6,242;1;16/09/2020;NA;573,7183654;1;3,67170447;62;288,9542221;3,502319098;416,318512;34,84710312;13,53092957;221,4234314;-6,02E-06;8,084119797;0,012349441;4,981479168;0,250391454;38,61638641;-0,001032074;0,006622634;2,25E-05;0,087485038;1,916760921;6;1;1,541523988;5,669723056;44;69;44;5;1,979897411;1,098612289;1;-1,138100798
ESP000026756;20200805_64500_ESP000026756_03;Raja;41,8888;3,32532381;3;493,7;0,34479784;0;0;0;05/08/2020;NA;331,2358025;1;4,373295259;211;311,56822;0;321,0592041;64,78803253;13,33617687;229,5618896;-7,24E-05;8,099076271;0,099643566;3,960059643;0,20435138;38,52443314;-0,010558533;-0,008429974;9,13E-05;0,20249413;5,990460396;10;1;1,681441363;5,744822749;32;61;32;1;0;0;1;NA
ESP000026756;20201111_64500_ESP000026756_03;Raja;41,88947619;3,325540476;4;472,2;0,35823584;0;0;0;11/11/2020;NA;331,2358025;1;4,373295259;211;311,56822;0;321,0592041;64,78803253;13,51848316;224,6596375;-0,000114593;8,092921257;0,084596157;4,366521358;0,224520415;38,55771255;-0,007003173;0,005482092;3,95E-05;0,20249413;5,990460396;10;1;1,681441363;5,744822749;56;2;56;2;0;0;1;NA
ESP000026569;20210113_64300_ESP000026569_03;Raja;41,34589762;2,61087381;1;484,6;0,18603693;0;0;0;13/01/2020;NA;461,2422617;1;3,249855005;135;312,6324497;0;402,4629517;37,01931381;13,63361549;222,5991974;-0,000104064;8,088681221;0,100760356;4,510619164;0,233393461;38,56338882;-0,00363989;0,002062643;8,75E-06;0,133522585;2,922666073;10;1;1,446884866;5,748221758;78;35;78;3;0;0;1;NA
ESP000026756;20210527_64500_ESP000026756_01;Raja;41,81374524;3,257771429;2;127;0,14495275;0;0;0;27/05/2020;NA;134,6256198;1;1,878232977;3;375,1976869;4,62791872;328,5764465;55,53219604;13,58859634;236,4347839;-0,030014327;8,115592003;0,419573784;2,777643204;0,15158686;38,24251938;-0,009669034;-0,008060954;7,92E-05;0,735403657;8,079723358;6;1;1,057176556;5,930114768;118;29;118;3;0;0;1;NA
ESP000025837;20200813_63210_ESP000025837_01;Raja;40,79321667;0,860666667;3;24,3;0,2436298;0;0;0;13/08/2020;NA;38,82305185;1;0,33599684;9;520,7659804;56,24863815;365,1661987;78,56608582;17,61883354;248,6630249;3,902832747;8,073451042;0,301496893;0,690179408;0,021974353;38,09777451;-0,001172265;-0,000804598;1,01E-06;2,143331289;5,827777863;7;1;0,28967771;6,257219174;33;85;33;2;0;0;1;NA
ESP000025837;20201112_63210_ESP000025837_01;Raja;40,79373611;0,876719444;4;34,3;0,18526352;0;0;0;12/11/2020;NA;38,82305185;1;0,33599684;15;520,7659804;52,73311234;365,9345093;78,56608582;18,36055756;231,5578461;0,18619132;8,086903572;0,262870848;2,270933867;0,042217441;38,06108093;-0,012264583;0,004615041;8,59E-05;2,143331289;5,827777863;6;1;0,28967771;6,257219174;58;84;58;4;0;0;1;NA
ESP000025837;20210218_63210_ESP000025837_01;Raja;40,79897667;0,857816667;1;23,5;0,16526352;0;0;0;18/02/2020;NA;38,82305185;1;0,33599684;12;520,7659804;56,24863815;365,1661987;78,56608582;13,5141573;250,7786255;-1,063102722;8,139705658;0,712947071;3,749403715;0,11778862;38,03263855;-0,010828041;0,001927782;6,05E-05;2,143331289;5,827777863;7;1;0,28967771;6,257219174;85;80;85;1;0;0;1;NA
ESP000026632;20200618_63100_ESP000026632_01;Raja;40,50125667;0,717686667;2;28,6;0,10930733;0;0;0;18/06/2020;NA;21,72719012;1;0,18969522;3;536,4560054;53,71609497;331,2868347;79,86519623;19,21296692;245,4383087;5,354637623;8,057621002;0,4133766;0,703471422;0,015999606;37,94803619;0,000516537;0,008464956;3,60E-05;3,647481918;10,38238525;6;1;0,173697156;6,286846906;7;53;7;5;0;0;1;NA
ESP000026632;20201222_63100_ESP000026632_01;Raja;40,49980556;0,697058333;4;27,4;0,09571823;0;0;0;22/12/2020;NA;21,72719012;1;0,18969522;3;536,4560054;53,73877335;326,0516663;74,48884583;15,15491676;241,2745056;-0,663340151;8,135835648;0,335398465;1,966822982;0,031842403;37,7938118;-0,003798039;-0,025954749;0,000344037;2,32295084;5,688053131;7;1;0,173697156;6,286846906;73;85;73;2;0;0;1;NA
ESP000026632;20200916_63100_ESP000026632_01;Raja;40,498775;0,716227778;3;29,1;0,10930733;0;0;0;16/09/2020;NA;21,72719012;1;0,18969522;4;548,7813779;51,22916412;326,756958;74,48884583;22,19565582;241,2107239;2,754215717;8,012212753;0,201174572;0,643120706;0,009065153;38,04374313;-0,005774382;0,015191535;0,000132063;2,32295084;5,688053131;6;1;0,173697156;6,309520704;40;36;40;4;0;0;1;NA
ESP000026632;20210311_63100_ESP000026632_01;Raja;40,48587333;0,698903333;1;31,2;0,09571823;0;0;0;11/03/2020;NA;36,36672593;1;0,186488487;6;548,7813779;53,73877335;326,0516663;74,48884583;13,59051704;253,3634186;-0,576326191;8,137876511;0,445640266;1,481869698;0,040972203;38,03429794;-0,009791566;0,006560838;6,95E-05;2,32295084;5,688053131;6;1;0,170998094;6,309520704;88;76;88;3;0;0;1;NA
ESP000026632;20210512_63100_ESP000026632_01;Raja;40,48685;0,710694444;2;32,7;0,09203583;0;0;0;12/05/2020;NA;36,36672593;1;0,186488487;6;548,7813779;51,22916412;326,756958;74,48884583;14,82121372;250,7332001;0,887850642;8,114339828;0,355067015;0,705726624;0,032757904;38,07926559;-0,001202745;0,006637678;2,28E-05;2,32295084;5,688053131;6;1;0,170998094;6,309520704;112;42;112;4;0;0;1;NA
ESP000026756;20200630_64500_ESP000026756_02;Raja;41,9001375;3,36194375;2;299,1;0,20766614;0;0;0;30/06/2020;NA;331,2358025;1;4,373295259;141;567,783598;0;318,0229492;64,78803253;13,31086063;225,3616333;-7,18E-05;8,093277931;0,046823606;4,559555531;0,231764868;38,54359055;-0,003766606;0,005104089;2,01E-05;0,079276726;2,172969103;10;1;1,681441363;6,343500042;20;69;20;5;0;0;1;NA
ESP000026756;20200630_64500_ESP000026756_03;Raja;41,89017619;3,338878571;2;475,7;0,3895776;0;0;0;30/06/2020;NA;331,2358025;1;4,373295259;305;567,783598;0;318,0229492;64,78803253;13,43071842;231,0238342;-0,000425235;8,098831177;0,126728624;3,865289688;0,200538635;38,52441025;-0,008498659;0,008400131;7,14E-05;0,20249413;5,990460396;10;1;1,681441363;6,343500042;21;56;21;3;0;0;1;NA
ESP000026756;20200805_64500_ESP000026756_02;Raja;41,90164167;3,369658333;3;298,6;0,20050954;0;0;0;05/08/2020;NA;381,0742469;1;5,42458271;101;567,783598;0;318,0229492;64,78803253;13,24244499;224,3887329;-1,36E-05;8,093716621;0,03715517;4,533538818;0,230107784;38,53248215;-0,009128047;-0,007227797;6,78E-05;0,079276726;2,172969103;10;1;1,860131681;6,343500042;31;86;31;5;0;0;1;-1,606893452
ESP000026756;20201111_64500_ESP000026756_02;Raja;41,90121875;3,3680625;4;294,7;0,20841326;0;0;0;11/11/2020;NA;381,0742469;1;5,42458271;101;567,783598;0;318,0229492;64,78803253;13,40979767;223,5321655;-4,44E-05;8,090425491;0,030138936;4,618094444;0,233781159;38,56457138;-0,008337112;0,002663289;3,83E-05;0,079276726;2,172969103;10;1;1,860131681;6,343500042;55;3;55;5;0;0;1;-1,568232343
ESP000026756;20210324_64500_ESP000026756_02;Raja;41,90124074;3,369892593;1;301,5;0,19790042;0;0;0;24/03/2020;NA;381,0742469;1;5,42458271;101;567,783598;0;318,0229492;64,78803253;13,53105068;218,4901581;-0,00045109;8,086400986;0,022783572;4,956913471;0,249820352;38,61057663;-0,005945996;-0,004293645;2,69E-05;0,079276726;2,172969103;10;1;1,860131681;6,343500042;95;2;95;4;0;0;1;-1,619991304
ESP000026756;20210324_64500_ESP000026756_03;Raja;41,88764762;3,33925;1;530,3;0,35556527;0;0;0;24/03/2020;NA;331,2358025;1;4,373295259;305;567,783598;0;318,0229492;64,78803253;13,56655502;218,8228607;-0,003651933;8,090196609;0,05638868;4,763307571;0,241281539;38,5941391;-0,018318044;-0,019375969;0,000355489;0,20249413;5,990460396;10;1;1,681441363;6,343500042;96;71;96;1;0;0;1;NA
ESP000026756;20210527_64500_ESP000026756_02;Raja;41,90158056;3,369236111;2;293,8;0,19658548;0;0;0;27/05/2020;NA;381,0742469;1;5,42458271;101;567,783598;0;318,0229492;64,78803253;13,6235714;223,0223541;-0,00019513;8,087010384;0,048676122;4,588537216;0,23218447;38,62159348;0,001880858;-0,001527018;2,93E-06;0,079276726;2,172969103;10;1;1,860131681;6,343500042;119;67;119;3;0;0;1;NA
ESP000026569;20200714_64300_ESP000026569_03;Raja;41,35117083;2,643804167;3;524,3;0,18141794;0;0;0;14/07/2020;NA;461,2422617;1;3,249855005;98;651,941997;0;399,5228577;37,01931381;13,67574787;223,003891;-2,51E-05;8,086287498;0,030303178;4,755986214;0,240429804;38,64274597;0,000590153;-0,001432811;1,20E-06;0,133522585;2,922666073;10;1;1,446884866;6,4814883;24;31;24;4;0;0;1;NA
ESP000026569;20201028_64300_ESP000026569_03;Raja;41,34775278;2,67105;4;551,6;0,12108624;0;0;0;28/10/2020;NA;471,8201926;1;3,242815806;162;672,576672;3,486800432;396,5906982;33,49926376;13,32177925;221,0068512;-3,22E-07;8,086361885;0,012758501;5,037142754;0,252710283;38,56183243;0;0,006100958;1,86E-05;0,100940436;0,922123015;10;1;1,445227154;6,51260183;50;81;50;1;0;0;1;NA
ESP000026569;20210714_64300_ESP000026569_03;Raja;41,35090667;2,66903;3;542,7;0,17719516;0;0;0;14/07/2020;NA;471,8201926;1;3,242815806;145;672,576672;3,486800432;396,5906982;33,49926376;13,53203106;222,5047913;-2,79E-06;8,083808899;0,01406379;4,85613203;0,244364589;38,62300491;0;0,007937598;3,15E-05;0,100940436;0,922123015;10;1;1,445227154;6,51260183;129;66;129;5;0;0;1;NA
ESP000026756;20210527_64500_ESP000026756_03;Raja;41,88370625;3,3383125;2;578;0,35435611;0;0;0;27/05/2020;NA;872,2477037;1;3,27310028;294;821,9249613;0;318,0229492;64,78803253;13,68860149;224,6400909;-0,000484524;8,090948105;0,076662466;4,313549042;0,21940437;38,60640717;0,003583281;-0,000571095;6,58E-06;0,20249413;5,990460396;10;1;1,452339625;6,712865019;120;70;120;4;0;0;1;NA
